:020000040800F2
:1000000000010020A10100089D0C00088584000863
:100010009D0C00089D0C00089D0C00089D0C00081C
:100020009D0C00089D0C00089D0C0008D9110008CB
:100030009D0C00089D0C00089D0C00089D0C0008FC
:100040009D0C00089D0C00089D0C00089D0C0008EC
:100050009D0C00089D0C00089D0C0008950D0108E2
:10006000AD0D0108C50D01089D0C00089D0C000890
:100070009D0C00089D0C0008790D01089D0C0008DE
:100080009D0C00089D0C0008890801089D0C0008C3
:100090009D0C00089D0C00089D0C00089D0C00089C
:1000A0009D0C00089D0C00089D0C00089D0C00088C
:1000B000D12000089D0C00089D0C00089D0C000834
:1000C0009D0C00089D0C00089D0C00089D0C00086C
:1000D0009D0C0008552100089D0C00089D0C00088F
:1000E0009D0C00089D0C00089D0C00089D0C00084C
:1000F0009D0C00089D0C00089D0C00089D0C00083C
:100100009D0C00089D0C00089D0C00089D0C00082B
:100110009D0C00089D0C00089D0C00089D0C00081B
:100120009D0C00089D0C00089D0C00089D0C00080B
:100130009D0C00089D0C00089D0C00089D0C0008FB
:100140009D0C00089D0C00089D0C00089D0C0008EB
:100150009D0C00089D0C00089D0C00089D0C0008DB
:100160009D0C00089D0C00089D0C0008D924000877
:100170009D0C00089D0C00089D0C00089D0C0008BB
:100180009D0C00089D0C00089D0C00089D0C0008AB
:100190009D0C00089D0C00089D0C00089D0C00089B
:1001A00072B6344880F3098840F20000CCF20000B7
:1001B0004EF63471CEF200010860BFF34F8FBFF3EB
:1001C0006F8F40F20000C0F2F0004EF68851CEF280
:1001D00000010860BFF34F8FBFF36F8F4FF0000037
:1001E000E1EE100A4EF63C71CEF2000108600620E6
:1001F00080F31488BFF36F8F00F012FD02F0A8FAAD
:100200004FF055301C491D4A91423CBF41F8040B48
:10021000FAE71B49174A91423CBF41F8040BFAE741
:100220001849194A194B9A423EBF51F8040B42F83B
:10023000040BF8E700201649164A91423CBF41F8EA
:10024000040BFAE700F0F2FC00F0ECFC124C134D4A
:10025000AC4203DA54F8041B8847F9E707F050FF73
:100260000F4C104DAC4203DA54F8041B8847F9E7F1
:1002700000F0DABC00030020000000200001002094
:1002800000010020585E010800030020EC0300205C
:10029000F0030020188B0020A0010008A001000836
:1002A000A0010008A00100082DE9F04F2DED108AF3
:1002B000C1F80CD0C3689D46BDEC108ABDE8F08F34
:1002C000002383F311882846A047002000F042FF56
:1002D00000F0CAFE00DFFEE781F0004102E000BF4F
:1002E00083F0004330B54FEA41044FEA430594EAF6
:1002F000050F08BF90EA020F1FBF54EA000C55EA31
:10030000020C7FEA645C7FEA655C00F0E2804FEA01
:100310005454D4EB5555B8BF6D420CDD2C4480EAE3
:10032000020281EA030382EA000083EA010180EA13
:10033000020281EA0303362D88BF30BD11F0004F61
:100340004FEA01314FF4801C4CEA113102D0404297
:1003500061EB410113F0004F4FEA03334CEA1333D2
:1003600002D0524263EB430394EA050F00F0A780EA
:10037000A4F10104D5F1200E0DDB02FA0EFC22FAE5
:1003800005F2801841F1000103FA0EF2801843FAD9
:1003900005F359410EE0A5F120050EF1200E012ACA
:1003A00003FA0EFC28BF4CF0020C43FA05F3C01808
:1003B00051EBE37101F0004507D54FF0000EDCF181
:1003C000000C7EEB00006EEB0101B1F5801F1BD32A
:1003D000B1F5001F0CD349085FEA30004FEA3C0C2E
:1003E00004F101044FEA445212F5800F80F09A8024
:1003F000BCF1004F08BF5FEA500C50F1000041EB28
:10040000045141EA050130BD5FEA4C0C404141EB2B
:100410000101013C28BFB1F5801FE9D291F0000F26
:1004200004BF01460020B1FA81F308BF2033A3F1D5
:100430000B03B3F120020CDA0C3208DD02F1140CCC
:10044000C2F10C0201FA0CF021FA02F10CE002F107
:100450001402D8BFC2F1200C01FA02F120FA0CFC00
:10046000DCBF41EA0C019040E41AA2BF01EB045149
:10047000294330BD6FEA04041F3C1CDA0C340EDC47
:1004800004F11404C4F1200220FA04F001FA02F38A
:1004900040EA030021FA04F345EA030130BDC4F148
:1004A0000C04C4F1200220FA02F001FA04F340EA3D
:1004B0000300294630BD21FA04F0294630BD94F0EE
:1004C000000F83F4801306BF81F480110134013DD5
:1004D0004EE77FEA645C18BF7FEA655C29D094EA46
:1004E000050F08BF90EA020F05D054EA000C04BFC4
:1004F0001946104630BD91EA030F1EBF00210020AF
:1005000030BD5FEA545C05D14000494128BF41F04D
:10051000004130BD14F580043CBF01F5801130BDB1
:1005200001F0004545F0FE4141F470014FF000003C
:1005300030BD7FEA645C1ABF194610467FEA655CED
:100540001CBF0B46024650EA013406BF52EA03358F
:1005500091EA030F41F4002130BD00BF90F0000F7D
:1005600004BF0021704730B54FF4806404F13204B9
:100570004FF000054FF0000150E700BF90F0000F72
:1005800004BF0021704730B54FF4806404F1320499
:1005900010F0004548BF40424FF000013EE700BF69
:1005A00042004FEAE2014FEA31014FEA02701FBFF9
:1005B00012F07F4393F07F4F81F06051704732F02B
:1005C0007F4208BF704793F07F4F04BF41F4002182
:1005D000704730B54FF4607401F0004521F00041E0
:1005E0001CE700BF50EA010208BF704730B54FF06A
:1005F00000050AE050EA010208BF704730B511F06B
:10060000004502D5404261EB41014FF4806404F1A2
:1006100032045FEA915C3FF4D8AE4FF003025FEA28
:10062000DC0C18BF03325FEADC0C18BF033202EBAC
:10063000DC02C2F1200300FA03FC20FA02F001FA06
:1006400003FE40EA0E0021FA02F11444BDE600BFA9
:100650004FEA4102B2F1E04324BFB3F5001CDCF1E4
:10066000FE5C0DD901F0004C4FEAC0024CEA50701C
:10067000B2F1004F40EB830008BF20F0010070474B
:1006800011F0804F21D113F13872BCBF01F000404E
:10069000704741F480114FEA5252C2F11802C2F180
:1006A000200C10FA0CF320FA02F018BF40F0010001
:1006B0004FEAC1234FEAD32303FA0CFC40EA0C00B3
:1006C00023FA02F34FEA4303CCE77FEA625307D1F0
:1006D00050EA01331EBF4FF0FE4040F44000704727
:1006E00001F0004040F0FE4040F40000704700BFC1
:1006F00080F0004002E000BF81F0004142001FBFD7
:100700005FEA410392EA030F7FEA226C7FEA236CDF
:100710006AD04FEA1262D2EB1363C1BFD2184140D4
:1007200048404140B8BF5B42192B88BF704710F06A
:10073000004F40F4000020F07F4018BF404211F00D
:10074000004F41F4000121F07F4118BF494292EA75
:10075000030F3FD0A2F1010241FA03FC10EB0C00A1
:10076000C3F1200301FA03F100F0004302D549422E
:1007700060EB4000B0F5000F13D3B0F1807F06D3DB
:1007800040084FEA310102F10102FE2A51D2B1F1D3
:10079000004F40EBC25008BF20F0010040EA0300C8
:1007A0007047490040EB0000013A28BFB0F5000F48
:1007B000EDD2B0FA80FCACF1080CB2EB0C0200FAFE
:1007C0000CF0AABF00EBC25052421843BCBFD0404D
:1007D0001843704792F0000F81F4000106BF80F4C7
:1007E00000000132013BB5E74FEA41037FEA226C8A
:1007F00018BF7FEA236C21D092EA030F04D092F055
:10080000000F08BF0846704790EA010F1CBF002088
:10081000704712F07F4F04D1400028BF40F00040E5
:10082000704712F100723CBF00F50000704700F005
:10083000004343F0FE4040F4000070477FEA22622C
:1008400016BF08467FEA23630146420206BF5FEAFD
:10085000412390EA010F40F4800070474FF00003FD
:1008600004E000BF10F0004348BF40425FEA000CC4
:1008700008BF704743F0964301464FF000001CE06C
:1008800050EA010208BF70474FF000030AE000BFC2
:1008900050EA010208BF704711F0004302D5404200
:1008A00061EB41015FEA010C02BF84460146002072
:1008B00043F0B64308BFA3F18053A3F50003BCFA8D
:1008C0008CF2083AA3EBC25310DB01FA02FC63443A
:1008D00000FA02FCC2F12002BCF1004F20FA02F241
:1008E00043EB020008BF20F00100704702F1200234
:1008F00001FA02FCC2F1200250EA4C0021FA02F295
:1009000043EB020008BF20EADC70704753B94AB9D4
:10091000002908BF00281CBF4FF0FF314FF0FF3007
:1009200000F074B9ADF1080C6DE904CE00F006F8E2
:10093000DDF804E0DDE9022304B070472DE9F0475B
:10094000089D04468E46002B4DD18A42944669D9B3
:10095000B2FA82F252B101FA02F3C2F1200120FA96
:1009600001F10CFA02FC41EA030E94404FEA1C48E4
:10097000210CBEFBF8F61FFA8CF708FB16E341EAE0
:10098000034306FB07F199420AD91CEB030306F166
:10099000FF3080F01F81994240F21C81023E634487
:1009A0005B1AA4B2B3FBF8F008FB103344EA03442B
:1009B00000FB07F7A7420AD91CEB040400F1FF3340
:1009C00080F00A81A74240F207816444023840EA7D
:1009D0000640E41B00261DB1D4400023C5E90043B6
:1009E0003146BDE8F0878B4209D9002D00F0EF8039
:1009F0000026C5E9000130463146BDE8F087B3FA6C
:100A000083F6002E4AD18B4202D3824200F2F98053
:100A1000841A61EB030301209E46002DE0D0C5E956
:100A2000004EDDE702B9FFDEB2FA82F2002A40F0A2
:100A30009280A1EB0C014FEA1C471FFA8CFE0126A5
:100A4000200CB1FBF7F307FB131140EA01410EFB49
:100A500003F0884208D91CEB010103F1FF3802D2F0
:100A6000884200F2CB804346091AA4B2B1FBF7F0EA
:100A700007FB101144EA01440EFB00FEA64508D90D
:100A80001CEB040400F1FF3102D2A64500F2BB804A
:100A90000846A4EB0E0440EA03409CE7C6F1200799
:100AA000B34022FA07FC4CEA030C20FA07F401FADF
:100AB00006F31C43F9404FEA1C4900FA06F3B1FB68
:100AC000F9F8200C1FFA8CFE09FB181140EA0141CD
:100AD00008FB0EF0884202FA06F20BD91CEB01016A
:100AE00008F1FF3A80F08880884240F28580A8F1C2
:100AF00002086144091AA4B2B1FBF9F009FB101114
:100B000044EA014100FB0EFE8E4508D91CEB0101B1
:100B100000F1FF346CD28E456AD90238614440EA54
:100B20000840A0FB0294A1EB0E01A142C846A646D4
:100B300056D353D05DB1B3EB080261EB0E0101FA5D
:100B400007F722FA06F3F1401F43C5E900710026BA
:100B50003146BDE8F087C2F12003D8400CFA02FC10
:100B600021FA03F3914001434FEA1C471FFA8CFE20
:100B7000B3FBF7F007FB10360B0C43EA064300FB10
:100B80000EF69E4204FA02F408D91CEB030300F1AE
:100B9000FF382FD29E422DD9023863449B1B89B265
:100BA000B3FBF7F607FB163341EA034106FB0EF3EE
:100BB0008B4208D91CEB010106F1FF3816D28B429B
:100BC00014D9023E6144C91A46EA004638E72E4667
:100BD000284605E70646E3E61846F8E64B45A9D25F
:100BE000B9EB020864EB0C0E0138A3E74646EAE7CE
:100BF000204694E74046D1E7D0467BE7023B61447C
:100C000032E7304609E76444023842E7704700BFE4
:100C1000034613F8012B002AFBD1181A013870473C
:100C2000704700BF704700BFFEE700BFF8B5164D24
:100C3000164F17491748184A05F1700481420DD91B
:100C4000043A034652F8046F43F8046B9942F9D80A
:100C50004B1E1B1A23F0030304331844874202D8A7
:100C6000A54209D10EE07A1E121A22F003020432C4
:100C7000002110F077FBF3E7D5E90420D5E906174A
:100C80001035DBE7F8BD00BFBC130108188B00204E
:100C9000188B0020188B0020445F0108FEE700BF7E
:100CA000FEE700BF38B5194D00F006F900F080F8F6
:100CB00017498022284600F0D9F9164B164A45F804
:100CC000180C01210024017502619C60D968134A47
:100CD0004FF6FF0001400A43DA60D3F8FC201049C8
:100CE00042F08072C3F8FC200A6842F001020A60F8
:100CF00010202022D87783F8222084F3118862B64E
:100D00000848BDE8384000F0D5B900BF50050020C4
:100D10003C14010800ED00E0000100200003FA058A
:100D2000001000E04C14010872B6014B5862FEE757
:100D3000280500202DE9F0471C4D4FF080486C69D4
:100D4000D8F82400296AA368421A934205F11406D0
:100D500000D91CE000274FF020092268D4F80CA02D
:100D60000B44B2422B6256606A61E76001D100F029
:100D700093FA87F311882069D04789F311886C6949
:100D8000D8F82400296AA368421A9342E5D9B442EC
:100D900009D00B441B1ABDE8F047022B2CBFC0182A
:100DA000023000F07FBABDE8F08700BF28050020C0
:100DB000054B4FF0FF3003F114020021C3E9052277
:100DC000C3E90701704700BF2805002070B505463C
:100DD0001B4E4FF080400229406AC5E9032332468A
:100DE00038BF022152F8143F93420AD13062C6E95B
:100DF00005550844C5E90033A960BDE8704000F01E
:100E000043BA346A9A680844041BA24203D900F02A
:100E100049FA73699A68944204D91B68A41A9A68BB
:100E2000A242FAD35A68C5E9003215605D60AC6031
:100E30009A684FF0FF31121B9A60F16170BD00BFDC
:100E4000280500201B4B5A69824210B40DD0D0E90E
:100E50000021143300249A420A605160C46026D0F5
:100E6000936881680B44936021E01846116840F84C
:100E7000141F002481424860D46003D15DF8044B04
:100E800000F00ABA886892681B6A02444FF08044F6
:100E90008A60606AC11A8A4209D91B1A1A445DF82D
:100EA000044B022A2CBF8018023000F0FBB95DF819
:100EB000044B704728050020024B0022C3E9003391
:100EC0009A6070472805002000228168054B027552
:100ED0001B689A688A42FBD25A68C0E900321060E7
:100EE000586070472805002008B5202383F3118837
:100EF000037D032B03D0042B05D043B90DE0836998
:100F000000221A6003E0D0E9003213605A604FF00B
:100F1000FF338361FFF7D8FF002383F3118808BDF7
:100F200000228168054B02751B689A688A42FBD8CB
:100F30005A68C0E9003210605860704728050020E8
:100F400038B50D4C2569236828751A68226001217F
:100F5000546023611975EFF309822969643A91425B
:100F600003D90648FFF7E0FE236929461846BDE885
:100F70003840FFF799B900BF280500206414010824
:100F800030B54B1C87B00FD00B4D0C4A2B69044673
:100F900001A8FFF71BFF2046FFF7D2FF049B33B1E8
:100FA00001A8FFF74FFF02E0FFF7CAFF024D2B69D0
:100FB000986907B030BD00BF28050020E90E000881
:100FC00070B5114E8161336981689A68914203D886
:100FD000BDE87040FFF778BF04461846FFF774FF7E
:100FE0000123054634612375EFF309830269643BED
:100FF0009A4202D90548FFF797FE29462046BDE8E8
:101000007040FFF751B900BF2805002064140108A3
:10101000044B1A681B6990689B68984294BF002033
:10102000012070472805002038B50D4C2368206941
:101030001A6822600121546019752361FFF770FF5F
:101040000546EFF309830269643B9A4202D90548D9
:10105000FFF76AFE20692946BDE83840FFF724B94A
:101060002805002064140108FFF7DEBF022182601A
:101070008182704730B4D0E9014301690C4A43F8DA
:10108000441CA3F1840543E9055402214469C06866
:1010900043F8242C002203F80C1C03F80B2C43F813
:1010A000404C43F8180C30BCA3F12000704700BF3F
:1010B000C102000810B504464068A268904203D2FD
:1010C000121A552110F04EF9202383F3118820467F
:1010D000FFF7D0FF00210446FFF772FF002383F3E0
:1010E0001188204610BD00BFF8B51F46431898422E
:1010F00005460C46164603D20A46552110F032F931
:10110000202383F31188203C2C44A4F16403069926
:101110000A4AE360022344F8201CA38244F8247C9A
:10112000256144F8042CA66000212046FFF748FF03
:10113000002383F311882046F8BD00BFC1020008D8
:10114000034B1B6902469A610F20FFF7F9BE00BFEF
:1011500028050020202383F31188FFF7F1BF00BF8B
:1011600008B50146202383F311880820FFF708FF04
:10117000002383F3118808BD69B1084A10B41269CD
:1011800044680346C2E90034042022605DF8044B41
:101190005A60FFF7F5BE4FF0FF307047280500207A
:1011A00003460068834205D002681A60536081617B
:1011B000FFF78ABE704700BF38B504460068844216
:1011C00009D00D46036823605C608561FFF77CFEF3
:1011D00020688442F6D138BD80B4094A536B23F0AD
:1011E000010300AF5363EFF30983683383F3098886
:1011F000002383F31188BD465DF8047B704700BF70
:1012000000EF00E098B5202300AF83F31188114B65
:101210005B6813F400631AD0F1EE103AEFF309841F
:101220000D4B4FF08072DB6B44F8083C44F84C2CBB
:10123000A4F1680383F30988FFF7EAFE18B1074BAE
:1012400044F8503C05E0064B44F8503C01E083F381
:10125000118898BD00ED00E000EF00E0D102000829
:10126000D402000808B500F0CDFE00F0E7FA00F067
:10127000A1FC00F083FB01F06DFABDE8084000F02E
:1012800001B800BF00F03ABF4FF0804300210222B6
:1012900058631961DA6070474FF080430022DA60CA
:1012A000704700BF4FF0804358637047C36810B465
:1012B00044691960816982680B44A342C36002F1EA
:1012C000010228BF036A5DF8044B826028BFC36037
:1012D000704700BF043210B4C0E90731826103FBDC
:1012E00002120023019C8360C0E90933029BC4629F
:1012F000C0E90000C0E903115DF8044B42610363DB
:10130000704700BF016A0022C0E90311C0E9092249
:1013100082606FF00101FFF74FBF00BF08B5FFF714
:10132000C5FFBDE808400021FFF73ABF836810B54C
:1013300004463BB123691A6804331A44C4E90932EC
:10134000002003E0FFF718FF0028F3D010BD00BF16
:10135000D0E9043110B48469826823448B4203616C
:1013600024BF036A0361013AC36A826000224262B9
:1013700013B15DF8044B18475DF8044B704700BF8C
:1013800070B52023054683F31188446A44B9FFF7FA
:10139000CDFF064608B96C6A02E084F311880BE0C1
:1013A00014F8016BAA6A6C62944202D32846FFF7D4
:1013B000CFFF002383F31188304670BD2DE9F0473D
:1013C0009A46044689469046202383F311880027D5
:1013D000616A29B951462046FFF7A8FFB8B9616A8A
:1013E000A26AA8EB0705521A954228BF15462A465D
:1013F00048460FF08FFFD4E909632E449E4266628F
:101400002F44204601D3FFF7A3FFB845E0D80023BF
:1014100083F311883846BDE8F08700BFD0E9033276
:10142000934203D182680AB100207047181D7047AB
:10143000836823B1006950F8043B0B60704718467D
:10144000704700BFD0E9043110B484698268234436
:101450008B42036102F1FF3228BF036A5DF8044B3F
:10146000826028BF03610021FFF79ABED0E90332F2
:10147000934210B5044601D1826832B9A1691A1DA0
:101480000B44C4E90923002004E0FFF775FE08B906
:10149000E368F3E710BD00BF10B5FFF707FFC36AAD
:1014A0000022426213B1BDE81040184710BD00BFD2
:1014B00070B5202304460D4683F31188466A46B969
:1014C0001146FFF7D3FF08B9666A02E086F3118878
:1014D0000EE03570D4E9093201339342636204D3DC
:1014E000A16920460439FFF7D7FF002080F3118857
:1014F00070BD00BF2DE9F84399460446884617465B
:10150000202383F311880026606A28B949462046C3
:10151000FFF7ACFFC8B9606AA26ABD1B121A9542F8
:1015200028BF154608EB06012A460FF0F3FED4E962
:1015300009032844984260622E44204603D3A169DF
:101540000439FFF7A9FFB742DED8002383F31188DF
:101550003046BDE8F88300BF38B5856855B9416AA3
:1015600041B1C3680439C91A06D0FFF79FFE45622E
:10157000012002E0002000E0084638BD0346C069B3
:101580001A69013A411C1A61DA68D961105C5A691A
:10159000914224BF0022DA61704700BF036982696B
:1015A00001330361531C8361C3689954D0E9053248
:1015B0009A4224BF00238361704700BF10B4002407
:1015C000C0E90314C0E90644C0E900005DF8044B1B
:1015D00042618360704700BF0022C0E906220261B9
:1015E0006FF00101FFF7E8BD08B5D0E904239A4286
:1015F00006D2FFF7D3FF0021FFF7D2FD002001E064
:101600004FF0FF3008BD00BF38B50446202383F3F8
:101610001188036933B12046FFF7B0FFA368054680
:101620002BB906E0FFF7A8FD054610B9F3E7204601
:101630009847002383F31188284638BD2DE9F84FD9
:1016400005462DED028B884608EE103A17462023FA
:1016500083F311884FF0000A39E0A7EB0A039C429C
:1016600028BF1C466CB3012C08EB0A0307D128469F
:10167000FFF784FF08F80A000AF1010A21E0D5F813
:1016800014B0EE69E968ABEB06094C4507D231446A
:10169000224618460FF03EFEEE6926440CE0314427
:1016A0004A4618460FF036FEA6EB0B062644E968BC
:1016B000484432460FF02EFE2B69EE611B1B2B6156
:1016C000A244AB680BB12846984757450AD92C6904
:1016D000002CC2D118EE101A2846FFF74DFD08B9AC
:1016E0002C69BAE7002383F31188BDEC028B5046C6
:1016F000BDE8F88F38B504460D46202383F31188E2
:10170000D0E90413994206D229462046FFF746FF46
:10171000A3682BB905E01146FFF72EFD10B9F3E7DA
:1017200098470020002383F3118838BD036910B562
:101730004BB10446FFF722FF0021034620461C461A
:10174000FFF72EFD01E04FF0FF34204610BD00BF33
:101750002DE9F04F2DED028B054608EE103A83B0CF
:101760008846202383F311880026914638E0A9EBB0
:101770000604FB1A9C4228BF1C465CB3012C08EBF4
:10178000060106D118F8061028460136FFF706FFB5
:1017900020E0D5F818B0E868A7EB0B0A544506D24C
:1017A000224658440FF0B6FDAF6927440DE052467B
:1017B00058440191ABEB07070FF0ACFD0199E868C5
:1017C00027443A4651440FF0A5FD2B69AF612344ED
:1017D0002B612644AB680BB128469847B1450CD91C
:1017E000D5E90437BB42C2D318EE101A2846FFF7DA
:1017F000C3FC10B9D5E90437B9E7002383F3118896
:10180000304603B0BDEC028BBDE8F08F4FF0FF31E6
:101810000830FFF7F9BE00BF4FF0FF322830FFF766
:1018200069BF00BF4FF0FF330830FFF707BF00BFAD
:101830004FF0FF332830FFF78BBF00BF00F0C4BC70
:1018400070B504460B460B482060012115462171F6
:1018500004F1080004F148014022FFF7AFFE2B46D7
:1018600004F1880104F128004022BDE87040FFF730
:10187000A5BE00BF7414010810B52023044683F3ED
:10188000118800F0C9FC02232371002383F311881F
:1018900010BD00BF10B5046BD4F83C211368197853
:1018A000042982B017D12179022914D1107919891C
:1018B000012202FA00F30B420DD101A904F13C0010
:1018C000FFF7B6FD024630B1D4F83C01019B017927
:1018D000006800F0BFF902B010BD00BF4FF0FF314B
:1018E0000830FFF74DBD00BFD0F83C311B681B78B6
:1018F000042B04D14FF0FF323C30FFF7D9BD6FF01D
:10190000010070474FF0FF330830FFF757BD00BFAD
:10191000D0F83C311B681B78042B04D14FF0FF3307
:101920003C30FFF7E7BD0020704700BFD0F83C21F6
:101930001368197804291BD110B5017902290446CE
:1019400015D150795989012202FA00F30B420ED1C8
:1019500004F10800FFF762FD024640B1D4F83C01F3
:10196000402341790068BDE8104000F05DB910BD2A
:10197000704700BF006BFFF7D9BF00BF704700BFC3
:1019800010B504460D480E4A226082B0012323712F
:1019900004F17001CDE90004402204F10800FFF7D2
:1019A00099FC084B4022CDE9003404F1B401022334
:1019B00004F13C00FFF78EFC02B010BD7519000861
:1019C00094140108951800080B68202282F31188EE
:1019D0000A7903EB820290624A79113243F82200BD
:1019E0008A7912B103EB8203986202230371C0F873
:1019F0003C11002383F31188704700BF10B50446E3
:101A00000830FFF77FFC04F13C00BDE81040FFF711
:101A100079BC00BF10B504460830FFF773FC04F131
:101A20003C00FFF76FFC2046BDE81040FFF77EBF8B
:101A300090F8743003F06003202B14D190F87530C7
:101A4000212B02D81F2B03D80DE0222B06D00AE051
:101A5000064A0723C0E91A23012070470023C0E982
:101A60001A33012070470020704700BF0003002098
:101A7000D0F83C2113681978042920D130B50179B8
:101A8000022983B0044618D110791989012202FA7B
:101A900000F30B4211D104F13C052846FFF75CFD31
:101AA00058B101A92846FFF7C3FC0246D4F83C010F
:101AB000019B0179006800F0CDF803B030BD70479C
:101AC00070B500EB81030446986A84B048B30D46B4
:101AD000202383F3118804EB81063C30F3685B69B3
:101AE0001B6803B903E00190FFF7ACFC019803A960
:101AF000FFF79EFC30B10246039B2946204600F0CA
:101B0000A9F80BE0F3685A691B8A12689A4205D15A
:101B1000034602462946204600F09CF8002383F342
:101B2000118804B070BD00BF113110B550F82140CC
:101B3000B4B1202383F31188D4F83C21136852797F
:101B400003EB8203DB689B69596819B104F1080053
:101B5000FFF7E4FB2046FFF7E9FE002383F311883B
:101B600010BD00BF704700BF10B50021044600F053
:101B70009DFD0021204600F087FD63681B6813B1BE
:101B8000052120469847062384F8643010BD00BF25
:101B900010B5B0F8763080F87E30044600F098FB3F
:101BA00063681B6813B10121204698470323237003
:101BB00010BD00BF00F060BB10B501230446382201
:101BC00000F82C3B00210FF0CDFB0023C4E90133CA
:101BD00010BD00BF10B50B460446202282F31188C9
:101BE000002143600C300FF0BDFB204600F04AFBA3
:101BF00002232370002383F3118810BD536900EB87
:101C0000810CCCF80C203BB14FF0000CC3F800C0A5
:101C1000C3F804C0C3F808C093691BB100221A605E
:101C20005A609A6000F05EBB70B500EB8104468993
:101C3000E468A569012404FA01FE4EEA060EA0F844
:101C40000AE0AA600022C5E90032BDE8704000F059
:101C5000F1BB00BF70B500EB81040689E4686569DB
:101C6000012404FA01FE4EEA060EA0F808E0AA607C
:101C70000022C5E90032BDE8704000F0EDBB00BFB6
:101C800070B5022304460025037020222946C5674B
:101C900085600C300FF066FB84F86450204600F03D
:101CA00073FB63681B6823B129462046BDE870407A
:101CB000184770BD42680521017013680BB10321FC
:101CC00018477047426804210170136803B1184730
:101CD000704700BF38B50446002580F8645000F115
:101CE000740200F08BFB636825679B682BB994F83E
:101CF000743013F0600F06D0B9E0204698470028F2
:101D000040F0BA80F3E703F01F03012B94F875202D
:101D100056D0022B5BD0002B40F0A980092A00F29C
:101D2000A680DFE802F0050BA40BA41F25A4363C17
:101D3000022204F17C03C4E91A329EE0B4F8763042
:101D4000012B40F09480B4F87C3023F002039BB266
:101D5000032A08BF43F00203A4F87C300023C4E93F
:101D60001A338FE0604A22670023C4E91A3389E0FE
:101D7000B4F876106268B4F8783055682046CAB274
:101D8000090AA847002872D0D0E90023C4E91A3212
:101D900073E0012204F17F03C4E91A326DE094F884
:101DA0007630626884F87F30002B14BF0421032151
:101DB00021701368002BD1D0022120469847CDE72F
:101DC000002A54D1494B0222C4E91A3255E0B4F832
:101DD000783003F00F0103F080030C2A47D801A0EC
:101DE00050F822F0191E0008451E00086F1E00085A
:101DF000451E00086F1E00086F1E00086F1E0008B9
:101E00006F1E00086F1E00086F1E00086F1E00087E
:101E10006F1E0008C51D0008204613B100F0E0FA4F
:101E200001E000F0CFFA012802D0022805D01EE020
:101E30002F4B0222C4E91A321FE02E4B0246C4E99E
:101E40001A301AE0B4F8760088B981B1012A204628
:101E500006D113B100F054FC80E700F039FC7DE7B7
:101E600013B100F023FC79E700F00EFC76E7204682
:101E7000BDE83840FFF778BEE26EB4F87A3093429E
:101E800038BFE366202383F3118894F97430002B64
:101E9000E36E12DA43B1A26E00212046FFF7DAFEAC
:101EA000012384F864301AE01A4619462046FFF7E9
:101EB000BBFE032384F8643011E043B1A26E00211D
:101EC0002046FFF7B1FE042384F8643007E01A4689
:101ED00019462046FFF7BEFE052384F86430002330
:101EE00083F3118838BD00BF911B0008BC140108A2
:101EF000B8140108B414010838B590F864300446E9
:101F0000062B3AD8DFE803F035041E35352E3500B0
:101F1000C36EB0F87A20934214D2C268158AB3FB1C
:101F2000F5F205FB12356DB9202383F311882B469A
:101F30002A462946FFF78EFE85F31188022384F88E
:101F400064301AE0202383F3118800231A461946CF
:101F50002046FFF769FE002383F31188032384F8EA
:101F600064300AE0036F03B19847002384F86430BB
:101F700003E0BDE83840FFF7F7BD38BD90F86430A6
:101F800010B50446062B23D8DFE803F01E1E1E13EF
:101F9000041E1E00202383F3118800231A461946CD
:101FA000FFF758FE002383F31188052384F864307B
:101FB0000EE0C3689B695B6853B9036F03B1984730
:101FC000002384F8643003E0BDE81040FFF7CCBD87
:101FD00010BD00BF43099B0000F1604C03F160435A
:101FE00003F5614309010CF5614C00F01F0001226B
:101FF00002FA00F0C9B28CF80013C3F8800118602F
:10200000704700BF0D4B4FF0FF310022986A996274
:102010009A62186919611A61D868D960DA60DA6958
:10202000074942F08052DA619A6942F001029A61EE
:102030000B6843F020030B60704700BF00100240A4
:10204000000001401F4A136843F001031360136846
:102050009807FCD553681B4923F00303536053686A
:1020600053604B6813F00C03FBD10868154A00F06D
:10207000F90008604B600B6843F480330B60136811
:102080009903FCD542F2101130230F485060D16201
:10209000136313680B4943F0807313600B689B0153
:1020A000FCD50A4B12221A604B68064A43F0020321
:1020B0004B60536803F00C03082BFAD1136B1363C6
:1020C000704700BF0010024000041D0700200240BE
:1020D0004FF080431A6992070DD510B500241C619A
:1020E000202383F31188FEF725FE84F31188BDE8D1
:1020F0001040FFF787B8FFF785B800BF0F491048B9
:10210000CA6942F0010230B4CA6181684FF080436D
:1021100040F2CF2441F00101816000229C624FF027
:10212000FF350124DD6202219A611C205A63DA60C6
:102130005A605C611C6030BCFFF74CBF001002406D
:10214000002004E0024A136843F0800313607047E4
:1021500000380140F8B51A4ED6F8C8402768E5693E
:102160002562202383F31188AA0608D50836A18C9E
:102170003046C9B2FFF738FAE569AB06F7D43E0638
:1021800010D528060ED50F4E3046FFF7CFFA00289F
:1021900080B203DA27F08003236003E02085E5693D
:1021A0002906F1D47A0604D56B0644BF27F0400710
:1021B0002760002383F31188BDE8F840FFF722B8B9
:1021C0006C0500209405002010B5084C084A2046F4
:1021D0000021FFF735FB074A074B0221C4E93223F0
:1021E0002520BDE81040FFF7F5BE00BF6C050020BC
:1021F000452100080038014000A24A04D0E93232EB
:102200001868B2FBF1F120F001001860D9601A687B
:1022100042F001021A60704770B561B1D1E9013531
:10222000CA68096843F4967345F0400542F001021C
:1022300043F0010306E04FF4164140F22D13012252
:1022400044F240050479012C07D1094CA04204D185
:10225000084EB46944F48044B461D0F8C840656065
:10226000A2602360FFF7CAFF4FF0FF33236270BD07
:102270006C050020001002400148FFF79DBC00BF24
:102280003C06002038B50378012B19D10D4A904245
:10229000044610D10C490D4DCA6942F40002CA61CE
:1022A0004A202B640D21FFF795FE03214B20FFF7F9
:1022B00091FE00232B642046BDE83840FFF7E0BCC8
:1022C00038BD00BF3C06002000100240005C00400A
:1022D00090F87E30024A43F08003D364704700BF19
:1022E000005C004000EB810370B4DC68236803F0FD
:1022F0000303032B06D0002B0CBF4FF4007C4FF0E0
:10230000000C01E04FF4C06C1E4B1B6D03F18043C9
:1023100003F5C04303EB011263696BB1238AD0F864
:102320008050013323F001032B44002656604CF00B
:10233000200CC0F880301560A369BBB1638A3E2BC6
:1023400005D95C1E641144F02004013302E001331E
:10235000C3F34E04A402D460D0F8804023F00103FC
:102360002344C0F880304CF4005C94608B0003F18F
:10237000804303F5B8434CEA01011A681A6070BC47
:1023800019607047005C00400C4A10B400218024A2
:1023900011655164D4644468E4688C420CBF4FF406
:1023A0001C444FF41E4414644024054AC0F8804085
:1023B000C2605DF8044BFFF795BF00BF005C0040B2
:1023C000C0140108054B53F8210010F4405004D00C
:1023D000B0F5805F14BF022001207047005C004010
:1023E000054B53F8210010F0300003D0102814BF23
:1023F00002200120704700BF005C00400C4B1B6DA9
:1024000003F1804303F5C04303EB011110B48B6863
:1024100003F1005303F540535B00D3E90040D3E9D7
:102420000213148050805DF8044B9180D380704774
:10243000005C0040074A52F8213023F4904323F017
:10244000700383F4405343F4004343F0800342F8A5
:1024500021307047005C004000EB810070B4C3681D
:102460005D691C8AAA68D5E900369B1B9C4228BF7F
:102470001C46184B1B6D03F1804303F5C04303EB6F
:10248000011004F1010C5FEA5C0C036844600ED09B
:1024900003F1005303F540535B00B01E03EB8C0CBB
:1024A000024432F8020F43F8040B6345F9D1094A9C
:1024B00052F8213023F4F04323F0400383F030033B
:1024C00043F40043344443F080036C6070BC42F832
:1024D00021307047005C00402DE9F04F674B5C6C89
:1024E000E243610587B05A6402D56548FFF7C8FB2F
:1024F000220507D5614A6248136C43F00803136450
:10250000FFF7D8FBE3040AD55C4B9A6C170406D49A
:102510001A6C5B4822F008021A64FFF7D3FBA60589
:1025200007D5DFF85CB1DBF80430DB680BB1584647
:102530009847250407D5DFF848B1DFF84891DFF860
:102540003CA1D84604E007B0BDE8F04FFEF75ABE04
:1025500004F00F018B0003F180438E1C03F5B84398
:102560000BEB8602E406186855681A6819D4686986
:10257000D0E9000402EA090242F4004284421A60EF
:1025800003D24046FFF768FF71E0BBF80830AC6843
:1025900001228A4023EA0203ABF80830002C66D0FF
:1025A00056E002EA090242F080021A60020503D5F1
:1025B0006B68404698475AE0DAF85020AF6902F15C
:1025C000804202F5C04202EB01129068D2F80CC0C2
:1025D0007A6801921446BA6800F10050224400F56E
:1025E000405040000292CCF34804CCF30902CDE9FC
:1025F000044003924CB1029A023A02EB440E50F8A6
:10260000044B22F8024F7245F9D11CF0010F08D09B
:10261000DDE90402029C52F8202004F810207A68B8
:102620000192019A039C3868224482427A6002D265
:102630006A8AA2420FD90BEB860601227368DC6816
:10264000BBF80A308A4023EA0203ABF80A3074B1BF
:102650004046A0470BE01A6822F4904222F0700234
:1026600082F4405242F4004242F080021A60DAF8EA
:10267000444023043FF56CAF65E700BF005C0040B9
:102680003C0600200F07FFFF074A52F8213023F4D1
:10269000904323F0700383F4805343F4004343F0EA
:1026A000800342F821307047005C0040074A52F82E
:1026B000213023F4F04323F0400383F0100343F46C
:1026C000004343F0800342F821307047005C004033
:1026D000890001F1804101F5B8410B6803F44053D2
:1026E000B3F5405F0BD00B6823F4904323F07003E5
:1026F00083F4005343F4004343F080030B607047BE
:10270000890001F1804101F5B8410B6803F0300305
:10271000302B0BD00B6823F4F04323F0400383F0FD
:10272000200343F4004343F080030B60704700BF75
:1027300080B4064B00AFD3F8002882F30888D3F8A2
:102740000438BD465DF8047B184700BF00D0FF1F6A
:10275000FFF778BC014B11221A607047002002403D
:1027600070B500F10B06B64600E00023B1FBF2F4B1
:1027700002FB1415092D8CBF4FF0370C4FF0300CB5
:10278000AC445FFA8CFC0D460EF801CD21460BB12E
:10279000013BEBD19542E8D2A6EB0E06064400F8C9
:1027A00001CB864202D01EF801CFF8E7304670BD5B
:1027B000092970B5FCEEC07A0E461A4BA8BF09264F
:1027C000B8EE677A53F8263030EE470A07EE103A33
:1027D000F8EE476AB6EE007AA0EE267A0D46BCEE19
:1027E000C77A17EE104AA34205D8E41A17EE903ABA
:1027F000013307EE903A17EE901A00230A22FFF7F2
:10280000AFFF75B10849898A11F4807F14BF2C216C
:102810002E2100F8011B33462146BDE87040FFF72A
:102820009FBF70BDF0140108080300200389012B2D
:1028300006D943685A1C426019700389013B038121
:10284000002070472DE9F04F2DED048B0C468BB026
:1028500014F8011BA9B10023DFEDA78A9FEDA78A19
:10286000DFEDA79A9FEDA79A0193074691464FF097
:10287000200808E0019B3344019314F8011B11B9AF
:102880002AE3019128E3252901D1002507E03B68CF
:1028900038469B689847019B01330193EDE7234637
:1028A00014F801BBBBF12D0F02D145F00205F6E78C
:1028B000BBF12B0F02D145F00405F0E7BBF1300F5F
:1028C00002D145F01005EAE7BBF16A0F02D145F0ED
:1028D0008005E4E7BBF1200F02D145F02005DEE7DB
:1028E000BBF1620F02D00133002602E045F480758F
:1028F000D5E7ABF13002D2B2092A49461C4606EBB5
:10290000860006D9BBF12A0F08D151F8042BD2B2A8
:10291000894613F801BB02EB4006EAE7BBF12E0F34
:1029200015D14FF0000A14F801BBABF13003DBB254
:10293000092B4A460AEB8A0106D9BBF12A0F0AD1B4
:1029400052F8043BDBB2914603EB410AEBE745F05A
:1029500040054FF0000AABF14403342B00F22E8205
:10296000DFE813F06B002C022B012C022C026B0011
:102970002C022C022C022C022C021D022C022C02F6
:102980002C022C022C021B022C022C0235002C02E1
:102990002C022C022C022C022C022C022C022C02C7
:1029A0002C0237006B002C022B012C022C026B0036
:1029B0002C022C022C022C022C021D022C029D0047
:1029C0002C0243002C021B022C022C023500102288
:1029D000E6E159F8043B8DF8103025F0100501238D
:1029E0000DF1100B0DF1110A58E259F804BB25F056
:1029F0001001BBF1000F04D16806DFF810B106D456
:102A000012E06A069BF8003000F15E8209E047F6AA
:102A1000FE72DA461AF8010FABEB0A03134448B909
:102A200039E2002B00F053820AF1FF32BAF1000FB5
:102A3000EFD14CE20133EDD12DE259F8041B00290E
:102A40000ADA2D238DF8103004AB45F00805494211
:102A50000DF11100029315E06B0707D52B238DF8BC
:102A6000103004AB0DF1110002930BE0A80607D55E
:102A700020238DF8103004AB0DF11100029301E01A
:102A800004A802902A0644BF6A2300F8013B0A22E8
:102A90000023FFF765FE029B8246C31A95E14B4671
:102AA00053F8042B0393BAF1000F40F0FC814FF070
:102AB000030E4FF00E09144BA3FB0230C00800EBCD
:102AC0008003A2EB43033033DBB2092A8DF81D30BB
:102AD00039D944F6241A4FF0000B0DF11D0C19E002
:102AE0001AF0010F14D04FF020030CF8023C0BF148
:102AF000010BACF1020C0CE000007A446F12833A37
:102B0000BD378635FF237449CDCCCCCCDC1401080D
:102B10008C461046B74BA3FB0032D20802EB82036F
:102B2000A0EB43033033DBB209280CF8013C0CF175
:102B3000FF314FEA5A0AD3D8AF4A0DF11E0012F8FE
:102B40000BC0401A04E001204FF0200C0DF11D01D4
:102B500004AA029210449246202B01F101020CD1EA
:102B60001EF0010F03D00EF0FE0E2E2308E01EF023
:102B7000020F05D14B788A1C02E01EF0010F05D12F
:102B8000B9F1000F09F1FF3107DB89460AF8013B73
:102B90008245114601D01378DEE71EF0020F05D002
:102BA000BCF1200F1CBF20230AF8013BDDE90239EC
:102BB0000AF801CBAAEB030307E1EB0504D559F8AA
:102BC000043B00EE103A0AE009F1070929F0070971
:102BD000F9E80201FDF73CFD00EE100A0346B5EEF0
:102BE000C00AF1EE10FA0DD52D23B1EE400A04AA69
:102BF0008DF8103045F0080510EE103A0DF1110077
:102C0000029215E0680707D52B228DF8102004AA40
:102C10000DF1110002920BE0A90607D520228DF8D4
:102C2000102004AA0DF11100029201E004A8029004
:102C30002A0648BF6A2223F0004348BF00F8012B50
:102C4000B3F1FF4F09D1824619230AF8023B202332
:102C50004370029BAAEB0303B7E06B0605D5BBF1FB
:102C6000460F08D04FF0090A7BE0BBF1460F78D140
:102C70000FFA8AFB02E04FF0030AD346B4EEE80AEB
:102C8000F1EE10FA13DB5D4B4D2260EE087A4AB18B
:102C9000B4EEC90AF1EE10FA04DB13F8012FB0EE1E
:102CA000670AF2E713F8013CB0EE670A1EE0F7EEA0
:102CB000007AB4EEE70AF1EE10FA1DD5504BF0EEB3
:102CC000407A1D2220EE280A4AB1F4EEC87AF1EECD
:102CD00010FA04D513F8012FF0EE407AF2E7F4EE83
:102CE000E97AF1EE10FA07DD13F8013C2BB10AF195
:102CF000FF3A0FFA8AFB00E00023FCEEC07A17EEE1
:102D0000902A632A04D9ABF1020B0FFA8BFB05E082
:102D1000092A84BF0BF1FF3B0FFA8BFB2BEAEB7107
:102D20000393FFF745FDBBF1000F039B824614DDC3
:102D300010F8012C302A05D1411E8A4611F8012DC8
:102D4000302AFAD02F49898A11F4807F14BF2C21B0
:102D50002E218A4208BF0AF1FF3A33B10AF8013B3B
:102D600003E05146FFF724FD8246E80600D410E058
:102D70001AF8013C302B85F0100506D10AF1FF321C
:102D8000924612F8013D302BFAD02E2B08BF0AF1E3
:102D9000FF3A029BAAEB030317E00A2200E0082295
:102DA0000DF1100B002359F8041BCDF808B058465C
:102DB000FFF7D6FC8246A0EB0B0306E004AA8DF8D1
:102DC00010B001230DF1110A0292F61A09D415F080
:102DD000100FDDF808B00CBF4FF020084FF030089E
:102DE00004E0DDF808B0002600E00026A90744D47E
:102DF0000EE000BFCDCCCCCCE4140108E6140108F1
:102E000019150108080300200D46DA464FF0200886
:102E100015F02C0F13D0EA0611D5019B1BF8011BEE
:102E2000013301933B6838469B68984707E03B684D
:102E300041469B6838469847013DF8D13CE035460D
:102E4000002EF4D116E05D463B6815F8011B9B6827
:102E500038469847AA45F7D8019A0AF1FF33A3EB01
:102E60000B030BF1010B0132DA4538BF0023134489
:102E7000019304E0D345E6D3FFE4DA45E3D8002E1E
:102E80003FF4FBAC35463B6841469B683846984763
:102E9000013DF8D1EEE40D46AAEB0B03F61AA4D4DB
:102EA0004FF02008A2E7BAF10E0FD1464FF0010E05
:102EB000A8BF4FF00E09FEE5019BD34533440193B3
:102EC00038BF2E46BFD3D8E4002B7FF4A0ADAB07AC
:102ED0009AD54FF02008D2E701980BB0BDEC048BD7
:102EE000BDE8F08F0CB410B50C1E84B011DD0C4B96
:102EF0000699ADF80C40CDE9013007AA01A800926F
:102F0000FFF7A0FC029B002284421A7002DC601EC4
:102F100000E0002004B0BDE8104002B0704700BFE0
:102F200024150108024400F8011B9042FBD17047B0
:102F300010B5024410F8013B11F8014B9042A3EB8D
:102F4000040301D0002BF5D0184610BDC369023927
:102F5000023B8B4283BF4389006B01FB03000020CF
:102F60007047000000F10B010022D30143EA520335
:102F700010F8012B52FA83F38842DAB2F5D11046E9
:102F80007047000010B54178044601310020490126
:102F90000246022A07D0A35C03EBC0339BB203EBCB
:102FA000500398B200E0032201329142F1D810BDE3
:102FB00003685A1C02601878A0F16103192B01D82C
:102FC000203870477F2803D9024B184410F8800C32
:102FD000704700BF5C150108F0B585B0054601914A
:102FE00014461E46E3B233B101A8FFF7E1FF002803
:102FF0003BD0013CF6E72B78002B32D1002C30D0AF
:10300000012033E02A2B0FD002A8FFF7D1FF07469B
:1030100003A8FFF7CDFF874201461DD1002FEFD057
:10302000029B1B783F2BEDD1FEB10022029B581C66
:10303000029019785B783F290CBF013242F480720C
:103040003F2BF3D02A2BF1D00399731EFFF7C4FF57
:103050000028D5D1039B197801A8FFF7A9FF24B157
:1030600019B1019B02950393DAE7002005B0F0BD8A
:1030700002687AB1134613F8011B1F2908D93A29AF
:10308000F9D1911C8B4205D11278302A02D103600C
:10309000002070474FF0FF307047000038B50D46F4
:1030A00010B90920002311E003680446002BF8D072
:1030B0001A78002AF5D08188DA889142F1D15878BF
:1030C0000DF00CF910F00100EBD123682B6038BD36
:1030D00038B50D4640F26231144602F095F9FF28EA
:1030E00006D9012C09D9030A2B706870022407E065
:1030F00028B12CB12870012402E0002400E004462D
:10310000204638BD2DE9F8430026D0F800808E76A1
:10311000836B002B00F0CD8098F80030042B0C4618
:1031200045D1334635464027D8F8102092F8231071
:10313000B1421FD97F2F00F2B880F90608BF0237CD
:103140000136D05B02372BB900F5205292B2B2F5AE
:10315000006F0DD305F11A01C5F12002214440EAA8
:103160000340FFF7B5FF002800F09F8005440020D2
:103170000346D9E7002B40F09880002D00F09580A1
:1031800025440023AB766373D8F810301A7902F027
:1031900037012173D20658BFD3E90E019A896281A3
:1031A00044BF00200021C4E90001DB897BE0C36C3F
:1031B0000133054625D0B1463746D8F80C30985B28
:1031C000B8B1B9F1000F05D100F520539BB2B3F5AA
:1031D000006F0BD307F11A01C7F12002214440EA26
:1031E0000940FFF775FF28B10744002002368146E9
:1031F000E3E73846B9F1000F18BF0020231800227A
:103200009A76EA6B0023551E18462E2615F8011FE4
:10321000202900F101000CD0052908BFE52109286B
:1032200004D10B2B02D8E71801337E73E718013362
:1032300079730B28EAD1E11800204873A17E39BBCD
:1032400033B16FF00C0604F10D010825361B0BE0BD
:103250003F23A376012315E02E2883B20FD0A3F1DC
:103260004100192806D90B73731811F8010B0028B7
:10327000F2D107E0107B0542F5D02033F3E71025AB
:103280000346F0E7234400219976137B03B9637367
:10329000D37A03F03F032373D36923600023636071
:1032A000D38A6381138B238103E03F23A376012517
:1032B00066E7BDE8F883000038B50546002435F818
:1032C000020B80B102F0D6F8630803EBC433C2B23C
:1032D00012FA83F39AB2C0F3072303EB520303EB12
:1032E000C2339CB2EBE7204638BD000001380A44E7
:1032F00011F8013B00F8013F9142F9D170470000FD
:1033000037B5C3780BB900251CE000F13C01826B96
:1033100001910446012340780DF02EF8054680B94E
:10332000A36AE070A06B226AC31A9342EBD2A3781F
:103330000199022BE7D10244012360780DF01CF8BB
:1033400000E00125284603B030BD000038B5836B8E
:103350008B4212D005460C46FFF7D2FF70B92246C9
:103360006878012305F13C010CF0C4FF00281CBF64
:103370004FF0FF340120AC6300E0002038BD0000B6
:1033800038B50023C3704FF0FF3383630446FFF763
:10339000DDFF002848D1B4F83A524AF655239D4241
:1033A00007D124490B2204F13C00FFF7C1FD00289E
:1033B0003CD094F83C30EB2B03D01833DBB2012B1C
:1033C0002BD84AF655239D4206D11B49082204F109
:1033D0008E00FFF7ADFD60B3B4F84730B3F5007F62
:1033E0001BD194F84930C3B15A1E1A4215D1B4F812
:1033F0004A3093B194F84C30013B012B0DD8B4F80E
:103400004D3053B1B4F84F307F2B03D8E36DB3F593
:10341000803F02D3B4F8523053B94AF65520854262
:103420000CBF0220032004E0042002E0012000E0A1
:10343000002038BD341501084015010802392DE976
:10344000F047466B01F007044FF0010A0AFA04F452
:1034500005461746984606EB1136C1F3C809E4B293
:10346000314628460136FFF771FFF8B905EB09022E
:1034700092F83C30234214BF01210021414517D06E
:103480006340013F82F83C3085F803A011D064000E
:1034900014F0FF04EAD109F10103B3F5007F4FF006
:1034A00001044FF00009DBD09946DFE7012000E07E
:1034B0000220BDE8F0870000012940F28780F8B5BE
:1034C0000668F3698B420C4640F282803378013BF8
:1034D000032B7DD8DFE803F00229374701EB5105C4
:1034E000B16A304601EB5521FFF730FF10B14FF0C4
:1034F000FF3071E06F1CB16AC5F30805354401EB7C
:103500005721304695F83C50FFF720FF0028EED1B8
:10351000C7F308073E44E30796F83C0045EA00205D
:103520004CBF0009C0F30B0056E0B16A304601EB16
:103530001421FFF70BFF0028D9D1640004F4FF74B5
:103540002644B08F48E0B16A304601EBD411FFF752
:10355000FDFE0028CBD1A40004F4FE742644F06BD9
:1035600020F0704038E0D0E9043153EA0102C57917
:1035700001D0826802B95DBB82687789022DA4EB15
:1035800002020CD1013B41F1FF315B0A43EAC15316
:10359000B3FBF7F39A421BD81CD0601C1CE0032D30
:1035A00002D183699342F8D8C3699BB9B16A3046A6
:1035B00001EBD411FFF7CAFE002898D1A40004F44F
:1035C000FE742644F06B20F0004005E001207047B7
:1035D000012001E06FF00040F8BD0000F8B506687A
:1035E0003378042B0CBF4FF080524FF400128A4204
:1035F00001D8022039E0CA060D46FAD1826801637B
:1036000004466AB9022B06D83389B3EB551FF0D9AB
:10361000F36AA3631AE0F36AC271002BF4D01A466E
:1036200077897F02BD4211460CD32046FFF744FF45
:10363000431C024618D00128DBD9F3698342D8D94C
:10364000ED1BEFE73046FFF781FCA063A36B6263DD
:10365000002BCED003EB55233C36C5F3080535448B
:10366000A363E563002000E00120F8BD01296DD9C6
:103670002DE9F843C3698B4205460C4668D90378A7
:10368000022B16463ED002D8012B04D060E0033B4B
:10369000012B43D95CE001EB5107816A01EB572113
:1036A000FFF754FE002854D114F0010407F101097A
:1036B00005F13C08C7F3080708D018F8073003F0F5
:1036C0000F02330103F0F003134300E0F3B208F8F4
:1036D0000730A96A0123EB7001EB59212846FFF757
:1036E00035FEB0BBC9F3080914B1C6F3071606E0EE
:1036F00018F80930C6F3032623F00F031E4308F819
:10370000096020E0816A01EB1421FFF71FFE00BB76
:10371000640004F4FF742C44A68714E0816A01EB72
:10372000D411FFF713FEA0B92B46A40013F83C2BCD
:10373000042A04F4FE7405D01A5926F0704602F0EB
:10374000704216431E510123EB7002E002207047C5
:103750000220BDE8F8830000F8B504460F4616467F
:10376000E36973B1012BA7EB030514BFAA1C324612
:103770002068691CFFF77AFF20B9E369013BE36128
:10378000EEE71846F8BD000001292DE9F843056869
:1037900001D8022074E0EB698B420C46F9D9064649
:1037A00017460AB9A14627E02B78042B02D1C3792A
:1037B000022BF7D04FF0FF3239462846FFF756FF6D
:1037C0000028EFD05CE00128E3D0421C2DD02B78FC
:1037D000042B2CD1D5E90632023A934205D20133AB
:1037E000AB612B7943F001032B7108F10102A24276
:1037F00025D1EB69A34207D921463046FFF75CFE8D
:10380000A04604460028DED12B78042B37D123E0D4
:10381000F3794BBBB468BC422FD021463046FFF74A
:103820004BFE0128B5D9431C1AD1012028E0002203
:1038300041462846FFF71AFF0028CBD020E02B781E
:10384000042B07D10023A2EB090249462846FFF7C3
:10385000F5FDA8B9A146CCE7002FD9D1F7710EE04C
:1038600001348442D7D00AE0032B08D1B368BB42AD
:1038700005D8B2691344BB4201D30223F37100207F
:10388000BDE8F883C379032B12D18168836970B5D1
:103890000446CD18A94207D04E1C20683246FFF7D7
:1038A000E5FE38B93146F5E70023E371184601E03B
:1038B0000020704770BD0000F7B504460191FFF786
:1038C0001FFD00BB019905462046FFF73FFB04F1B1
:1038D0003C070646A0634FF4007229463846FFF7BE
:1038E00021FB63899D4204D36089401B18BF0120DE
:1038F0000AE060780123721939460CF03DFD00287A
:10390000F2D10135EDE7012003B0F0BD70B50446FA
:10391000FFF7F6FC88BB2378032B26D12379012BF4
:1039200023D104F13C06014605464FF400723046AF
:10393000FFF7F8FA4AF65522A4F83A220F4AE26352
:1039400002F1FF5202F500522032C4F82022A2698F
:10395000C4F824226269C4F82822626A60780132BD
:10396000A26331460CF008FD2571002260781146F3
:103970000CF052FD003818BF012070BD5252614159
:10398000F0B5002385B00B600F461546FFF770FBBE
:10399000061EC0F2F8807F4B53F82640002C00F042
:1039A000F4803C60237805F0FE056BB160780CF084
:1039B00095FCC70708D4002D00F08F8110F0040596
:1039C00000F08B810A2588E1F0B20023237060703B
:1039D0000CF0FAFBC60700F1DA800DB14107F1D413
:1039E00000212046FFF7CCFC02281BD1D4F802327C
:1039F0000093D4F812320193D4F822320293D4F80F
:103A0000323203936E46002556F8041B29B1204636
:103A1000FFF7B6FC012801D80CE003200135042D86
:103A2000F2D156E1042801D1012556E1012801D93E
:103A30000D2552E10128A16B0AD104F1470304F1DD
:103A40007C0213F8015B002DF2D19A42F9D1ADE06E
:103A5000B4F84730B3F5007FEAD1B4F8526006B944
:103A6000266E94F84C002662431E012BA070DFD80E
:103A700094F849506581002DDAD06B1E2B42D7D1C6
:103A8000B4F84DC0A4F808C01CF00F0FD0D1B4F8A2
:103A90004F3003B9E36DB4F84A20002AC8D006FBC2
:103AA00000FE02EB1C177744BB42C1D3D81BA842CF
:103AB000B0FBF5F3BCD338488342B9D84FF6F57064
:103AC000834240F2FF80032502330A440F44032D52
:103AD000E3616162A262276308D1B4F866205CEA00
:103AE0000202A5D1A26EE2629B000EE0BCF1000FC3
:103AF0009ED07244022DE2624FEA43021BBFD218ED
:103B000003F00103134603EB520303F2FF13B6EB7A
:103B1000532F8DD34FF0FF33C4E90533032D4FF0FE
:103B20008003237122D1B4F86C30012B1ED10131F6
:103B30002046FFF70BFCC8B9B4F83A2220714AF6C8
:103B400055239A4212D1E26B144B9A420ED103F1E3
:103B5000FF53D4F8202203F5005320339A4205D1B5
:103B6000D4F82432A361D4F8283263610C4A25705A
:103B7000138801339BB21380E3800A4BE3600A4B46
:103B800023610025A9E00B25A7E00C25A5E003256E
:103B9000A3E000BF4C070020F5FFFF0F5252614128
:103BA0005007002054070020CC060020B4F8A430B1
:103BB000B3F5807F7FF43CAF94F8A830092B7FF4F5
:103BC00037AFD4E921064FF0FF33081846F100065D
:103BD000834275EB0603FFF42BAFD4F890302362D9
:103BE00094F8AA30A370012B7FF422AF94F8A92097
:103BF00003FA02FC1FFA8CF26281002A3FF418AF2C
:103C0000D4F89870364A97423FF612AFBA1CD4F8EF
:103C10008C30E261D4F8942061620A4419441FFA9E
:103C20008CF37B439B18226345EB0502984276EBAD
:103C30000203A162FFF4FCAED4F89C30E3622E468E
:103C40007DB96389B3427FF6F3AEE16A2046FFF7A0
:103C50007DF981192046FFF779FB00287FF4E4AE57
:103C60000136631993F83C30812B03D02035C5F31E
:103C70000805E5E704F13C0635446D69012D7FF642
:103C8000D7AEE369AB427FF6D3AE6189236BAA1E40
:103C900002FB01336363A16A204601EBD511FFF7F4
:103CA00055FB00287FF4C0AE05F07F0356F82330A3
:103CB0005A1C03D00135AB42EDD0B9E6C4E9053357
:103CC000042553E740F6F575AB428CBF022501256C
:103CD000FAE604287FF4ACAEA6E6284605B0F0BDAF
:103CE000FDFFFF7F2DE9F84F05680746884631B98B
:103CF0006E69A6B1EB69B34298BF012610E0FFF7E9
:103D0000DBFB0128044601D80124DAE0421C00F064
:103D1000BA80EB69834200F2D480464600E0012677
:103D2000AB690BB90024CCE02A78EB69042A5BD19B
:103D3000A6F10209023B994528BF4FF00009CA4687
:103D40004FF0010B696B284601EB1A31FFF7FEFAC1
:103D500030BBEA690AF007030BFA03F3CAF3C801A0
:103D6000DBB2023A6818544690F83C000AF1010AA6
:103D7000924500EA030002D25B00DBB203E00023BD
:103D80009A464FF4007108B902340DE0D1450AD0CB
:103D9000002BE7D10131B1F5007FD3D20123E1E758
:103DA0004FF0FF3400E00024631E033300F28980EB
:103DB00001231A4621462846FFF740FB0228A3D0DC
:103DC000012860D0B8F1000F02D10223FB7165E039
:103DD000FB79022B5AD1731CA3425FD0BB68F31A44
:103DE000BB610323FB7151E0464515D1741C9C4215
:103DF00028BF022421463846FFF75EFB012883D006
:103E0000431C40D038B16B69012B05D9EA69934254
:103E100038BF1E4600E0ACB93446EB690134A3421A
:103E200003D8012E7FF67EAF022421463846FFF7E5
:103E300043FB38B101283FF467AF013023D0B442CF
:103E4000EBD16FE74FF0FF3221462846FFF70EFC1B
:103E5000B0B9B8F1000F05D0224641462846FFF719
:103E600005FC68B9D5E90632023A93429CBF03F1DA
:103E7000FF33AB612B796C6143F001032B7120E0C0
:103E800001287FF441AF4FF0FF341AE008F101023E
:103E9000A242FB6908D12BB10133FB6100287FF4FA
:103EA00033AFDFE70223F8E70BB90123FB612246BA
:103EB00041463846FFF750FC0028E1D10123FB6161
:103EC000D0E72046BDE8F88F2DE9F8430668076B78
:103ED0003378042B0CBF4FF080534FF4001320377E
:103EE000BB429CBF00238363836B04468946002B3F
:103EF00045D0C7F30808B8F1000F3AD1416B013340
:103F0000836331B93389B3EB571F32D80023A363DE
:103F100035E07389013B13EA57232AD1FFF7CCFA26
:103F20000128054601D802202CE0421C01D10120C5
:103F300028E0F369834216D8B9F1000FE6D0616B2F
:103F40002046FFF7CFFE0546D8B10128EBD0431C31
:103F5000EDD001463046FFF7AFFC0028E7D1E3790A
:103F600043F00403E371656329463046FEF7EEFF34
:103F7000A0633C3646442763E663002002E0042049
:103F800000E00720BDE8F8832DE9F0410546006810
:103F9000A96B0669FFF7DAF9044600285AD1E96BE4
:103FA0000B78852B55D120223046FFF79FF9777883
:103FB00001377F01A7F16003B3F5007F49D821469F
:103FC0002846FFF781FF0428044642D0002841D14B
:103FD000A96B2868FFF7BAF9044600283AD1E96BC3
:103FE0000B78C02B35D12022B018FFF77FF996F857
:103FF00023300F222C33B3FBF2F3B7EB431F28D34C
:104000004FF0400800212846FFF75EFF04280446D1
:104010001FD0F8B9A96B2868FFF798F90446C8B90A
:10402000E96B0B78C12B14D1B8F17F0F04D8202293
:1040300006EB0800FFF75AF908F120084745E1D8D8
:10404000B8F1800F06D83046FEF79CFF7388834294
:1040500000D002242046BDE8F0810000F8B50E46ED
:10406000002107680446FFF7B9FAD8B90546A16BE5
:104070003846FFF76BF9A8B93A78E36B042A1B7846
:1040800002D11B0603D506E0E52B00D01BB9013594
:10409000B54201D109E0054601212046FFF714FF92
:1040A0000028E4D0042808BF0720F8BD03682DE9E4
:1040B000F0411E6905463046FEF764FFE96C7080EA
:1040C00028467778FFF78AFA4FF001080446B4B91A
:1040D000A96B2868FFF73AF9044680B9E86B2022FB
:1040E0003146FFF703F92B6883F803803FB121467F
:1040F0002846FFF7E9FE20360446013FE7E7022C99
:1041000028BF0224E0B2BDE8F0810000C16C4B1C66
:104110002DE9F0410568066B044603D14FF0E50830
:10412000012717E0FFF75AFA0028F7D01BE02A789A
:10413000E36B042A09BF1A7883F8008002F07F023B
:104140001A70EF70236BB3420DD200212046FFF7A7
:10415000BBFE28B9A16B2846FFF7F8F80028E6D087
:10416000042808BF0220BDE8F08100002DE9F843D3
:10417000FF27D0F8008006463D4604244FF6FF791D
:10418000B16B002977D04046FFF7E0F804460028DD
:1041900075D1F06B0378002B70D098F80020042ABA
:1041A00010D1852B5FD1336BF3643046FFF7ECFE03
:1041B0000446002863D1D8F810301B7903F03F0380
:1041C000B3715EE0C27AE52B02F03F02B27149D0D2
:1041D0002E2B47D022F02001082943D00F2A36D1B8
:1041E000590605D503F0BF05336B477BF36401E047
:1041F000AB4237D1437BBB4234D1428B92BB037875
:10420000D8F80C40DFF880E023F040030D21013B9B
:104210004B4301211EF801CB30F80CC031B1162BF5
:1042200020D824F813C06146013301E0CC4519D1F0
:1042300001320D2AEED10278520605D521B1162B96
:1042400010D8002224F81320013DEDB20BE02DB967
:10425000FEF788FEB84201D1002412E04FF0FF3390
:10426000F3640EE0FF2500213046FFF72DFE0446E3
:10427000002885D003E0002CEED000E004240023C9
:10428000B3632046BDE8F883DC1501082DE9F04F43
:10429000002185B0D0F800800546FFF79FF98346DE
:1042A000002840F0DB8098F80030042B2DD1D8F89E
:1042B0000C00FFF701F807462846FFF757FF0446B2
:1042C00008BBD8F8103093F823A0BAF1160FF3D832
:1042D0009B8CBB42F0D14026544500F0B580F306DC
:1042E00008BF0236D8F81030985B01F0C3F8D8F850
:1042F0000C30814633F8140001F0BCF88145DBD165
:1043000002360134E8E78346A8E04FF0FF334FF070
:10431000FF09EB644E460290A96B4046FFF716F882
:10432000002840F08C80EF6B97F800A0BAF1000FE6
:1043300000F08780FA7ABAF1E50F02F03F03AB7123
:104340006ED0140702D50F2B6AD101E00F2B56D186
:1043500095F84B3058066BD41AF0400F06D02B6BF3
:1043600097F80D90EB640AF0BF0A01E056455ED164
:104370007B7B4B455BD17B8B002B58D13C78394EF6
:10438000D8F80CB0CDF80CA004F03F04013C0D238C
:10439000CA465C43B9460122CDF8008037460195F4
:1043A00017F8010B39F8005082B1162C3CD828467A
:1043B00001F060F806463BF8140001F05BF8864215
:1043C00004F1010830D12A46444603E04FF6FF735A
:1043D0009D4229D1244B9F42E2D14F46DDF8008017
:1043E0003B78019D5906D146DDF80CA003D512B1EA
:1043F0003BF81430DBB90AF1FF36F6B218E026B903
:104400003846FEF7AFFD484526D095F84B30DB0720
:1044100006D40B2205F140013846FEF789FDD8B1DC
:104420004FF0FF33EB6402E0DDE90085D146FF2663
:1044300000212846FFF748FD00283FF46DAF834672
:104440000CE04FF0040B09E0D8F80C3033F81430CE
:10445000002B7FF431AF01E0DDF808B0584605B01D
:10446000BDE8F08FDC150108E91501082DE9F04FD2
:1044700090F84B5015F0A00599B040F09381066874
:10448000F368044633F815200AB10135FAE73378AA
:10449000042B40F08E800F230E352046B5FBF3F53C
:1044A000A91CFFF7DBFD8246002840F08181236BC9
:1044B0000135A3EB4515E379E5645A0748D523F0A8
:1044C0000403E3712046FFF7DDF9002840F06D8119
:1044D000616B4FF0FF322046FFF73EF9002840F0B5
:1044E0006481A368002B33D023680293236A04936A
:1044F000636AA16A8DF80F3002A823F0FF03CDE9AB
:10450000063ACDF824A01591FFF768F8002840F08E
:104510004C8102A8FFF738FD002840F04681D4E91D
:10452000043170894FF40072E0FB02313269C4E952
:104530000431C2E90E31C2E90A31E37943F00103E3
:1045400082F8213002A8FFF7B1FD002840F02D814C
:10455000D6E903540021402285232046FEF7E2FCE1
:104560002370C02384F820300E46012240234FF0F0
:10457000C10E8C465F1C04F803E004F807C0F0B2DB
:10458000023322B135F811200AB10131C9B2E25229
:104590000233DF06F5D135F811700136002FE9D16D
:1045A000831C84F8231063702846FEF785FEA084E0
:1045B000FEE004F140070C22394602A8FEF796FE01
:1045C0009DF81330DB0771D54023DFF8EC8184F8C8
:1045D0004B304FF001090B2202A93846D6F80CA047
:1045E000FEF784FEB9F1050F14D9AAF102024B4679
:1045F00032F8021F79B1102001F0010C0CEB4303DB
:1046000013F4803F18BF83EA080301384FEA5101D1
:10461000F2D1EDE74B460DF10700072203F00F0C36
:104620000CF13001392988BF0CF13701013A9E465F
:1046300000F801194FEA131302D0BEF10F0FEDD8A5
:1046400002F160036B447E2103F8601C39460023AD
:104650009A4207D011F8010B202803F1010C01D078
:104660006346F5E704F13F00072A06D802F160012E
:104670006944013211F8601C00E020210133072B4E
:10468000C154F1D92046FFF701FE38B909F10109FB
:10469000B9F1640F9FD14FF0070A89E004288246E0
:1046A00040F086809DF8133084F84B309DF813302D
:1046B0009B0705D50C350D21B5FBF1F5013500E063
:1046C000012529462046FFF7C9FC824600286FD104
:1046D000013D19D1A16B3046FEF738FE8246002815
:1046E00066D101462022E06BFEF71CFC0B22E06B3A
:1046F0003946FEF7FBFD94F84B30E26B03F01803EC
:1047000013730123F37053E0216B2046A1EB451195
:10471000FEF764FF824600284AD13846FEF722FCA5
:104720004FF6FF798046A16B3046FEF70FFE034639
:1047300000283CD1E36BD6F80CE0DFF880A083F8CA
:104740000D804FF00F025FFA85FC0D21DA720CF13B
:10475000FF324A43187358830146484518BF3EF854
:1047600012001AF801BB01F1010118BF013223F850
:104770000B00002808BF48460D29EED1484502D05D
:104780003EF812200AB94CF0400C83F800C0012317
:10479000F37000212046FFF797FB034638B9013D2F
:1047A000C1D197E74FF0060A02E0824600E09A4640
:1047B000504619B0BDE8F08F21100100DC1501084A
:1047C000436B8B60D0E90E23C1E9042390F82130BC
:1047D00003F00203CB710023CB61704703284B8B9E
:1047E00004BF8A8A43EA0243184670472DE9F04F16
:1047F00085B00368029304468A4611F8013B2F2BCB
:10480000FAD05C2BF8D00021A160E1619AF8003069
:104810001F2B00F2C6808023204684F84B3005B061
:10482000BDE8F04FFEF7DABE5C281ED07F2805D821
:10483000A54B13F8012B002A40F0B880162E00F08B
:104840002D812BF8160001361AF8010B002800F014
:10485000B18040F2623100F0F9FD002800F01E81C5
:104860001F2840F2A7802F28DED1524613782F2B25
:10487000924602F10102F9D05C2BF7D01F2B8CBFBE
:1048800000250425ABF102023EB132F81630202B90
:1048900000F092802E2B00F08F8000222BF8162043
:1048A000002E00F0FB803BF812102029134602F185
:1048B0000102F8D0002B40F081802E297ED0ABF190
:1048C000020232F816102E2901D0013EF9D10B2236
:1048D000202104F140004FF00008FEF723FB4FF0C9
:1048E00008095A464746CDF804A0A34632F81300FB
:1048F0005C1C002800F0BA80202864D02E2860D0EC
:10490000C84564D3B9F10B0F64D1DDF804A05C464F
:1049100045F003054FF00B0994F84030E52B04BF38
:10492000052384F84030B9F1080F04BFBF00FFB27F
:1049300007F00C030C2B00F09D8007F00303032B02
:1049400000F09880AE0707D4F80748BF45F010057F
:10495000790748BF45F0080584F84B502046FFF71B
:1049600095FC94F84B30002840F087805A0700F1FE
:10497000A780A379DB0640F19380029B1878042876
:1049800040F08280A36823622369E27923F0FF0369
:1049900013436362E36CA362029B21461869FFF72D
:1049A0000FFF23680026D3F80CB04DE790427FF448
:1049B00040AF73E0042565E7013E65E745F0030578
:1049C0007DE7A6426ED045F0030523468EE7A6425A
:1049D0000DD167E0A64202D045F0030546D3BF00E3
:1049E000FFB234464FF00B094FF00808EDE77F287F
:1049F00024D940F26231039200F006FD10F0800FDE
:104A0000039A45F0020A04D0304B00F07F00185C96
:104A100012E0FF2810D909F1FF33984503D345F080
:104A20000305C846D1E70BEB0803010A83F84010E1
:104A300008F10108554612E0554628B1244B13F8F9
:104A4000011B29B18142FAD145F003055F2006E040
:104A5000A0F141039BB2192B28D847F002070BEBBA
:104A6000080308F1010883F84000AEE7DDF804A070
:104A70005C4651E745F0020564E7042820D113F0B5
:104A8000040F08BF05201BE0029B216B3C33C1F3E0
:104A900008011944FFF7A2FEA06082E706200FE09C
:104AA00005200DE0B9F10B0F99D12EE7A0F16103BC
:104AB0009BB2192BD3D8203847F0010780B2CEE73C
:104AC00005B0BDE8F08F00BF491501085C1501086D
:104AD000521501081FB5CDE9001003A81446039133
:104AE000FEF7C6FA002813DB0B4A52F820300BB150
:104AF00000211970019B0BB10021197042F8203080
:104B00003CB1002201A96846FEF73AFF044600E0E6
:104B10000B24204604B010BD4C0700202DE9F047BF
:104B20009AB00191002800F02A8102F03F05174653
:104B300004462A4603A901A8FEF722FF06460028DC
:104B400040F01981039B0199049304A8FFF74EFEDE
:104B500020B99DF95B30002BB8BF062017F01C0F61
:104B60007BD058B1042840F0068104A8FFF77EFCF2
:104B7000002840F0008145F008050AE09DF8163055
:104B800013F0110F40F0F480780700F1ED80390741
:104B900072D5039B1A78042A30D118692360214604
:104BA000FFF70EFE039B186900211E220230FEF75C
:104BB000B9F9039B18691A222630FEF7B3F9039B53
:104BC0001A69202111711F690BF0FCFA039BB86070
:104BD0001B69012283F8212004A8FFF767FA002847
:104BE00040F0C980A168002946D002462046FEF761
:104BF000CBFDA368039A013B53613BE00BF0E2FA63
:104C00001399DDF80C80C1F80E00C1F8160098F871
:104C10000000FFF7E3FD2023CB72139B00225A8391
:104C200098F80010DA61032908BF9A820123074629
:104C300088F8033000B30146002204A8D8F8388071
:104C4000FEF7A2FD002840F0968003984146FEF74B
:104C50007DFB039B013F5F610CE0002840F08B80EF
:104C60009DF81630DA0600F18180BF0704D5D80719
:104C70007ED401E000287ED1039A2907936B139913
:104C8000A364E164107848BF45F0400504280FD1C3
:104C9000069B2362089B9DF81710106923F0FF0301
:104CA0000B436362179BA3622146FFF789FD06E071
:104CB000FFF794FDA060CB69236100236361039B30
:104CC0002360DB88A3804FF000080022002304F15A
:104CD0005007C4E90E2384F830504FF4007284F872
:104CE0003180C4F8448041463846FEF71BF9AA06D5
:104CF00046D5D4E9045955EA090341D0039BA1687C
:104D0000B3F80AA0C4E90E594FEA4A2AAA4578EB3B
:104D100009030DD22046FEF7CFFBB5EB0A0569F17A
:104D200000090128014605D9431CEFD1012002E00A
:104D3000002000E002202164E8B9C5F30803FBB1BC
:104D4000DDF80C804046FEF701F998B16D0A45EA9E
:104D5000C9554219626498F80100012339460BF0E5
:104D6000C9FA68B1012006E0082004E0042002E04E
:104D7000072000E0022000232360064600E0092609
:104D800030461AB0BDE8F0872DE9F04F994687B05C
:104D900000238846C9F8003005A904461646FEF7E8
:104DA0007DF90546002840F0B38094F83150002D7D
:104DB00040F0AE8094F8303013F00103019300F01E
:104DC000A680D4E90432D4E90E011B1A62EB010279
:104DD000B34272F1000238BF1E4604F1500A029538
:104DE000002E00F09280D4E90E10C1F30803002BCE
:104DF0006FD1059B5A894B0A013A43EAC0531A40C6
:104E000018D151EA000301D1A06805E0216C03929A
:104E10002046FEF751FB039A012803D8022584F8A7
:104E2000315075E0431C04D10123019D84F83130D9
:104E30006EE02064DDF814B0216C5846FEF786F869
:104E40000028EBD0B6F5007F02EB000722D3BBF8B9
:104E50000A1002EB562088424FEA562588BF8D1A69
:104E60009BF801002B463A4641460BF043FA0028D6
:104E7000DAD194F93020002A0ADA606CC01BA8420B
:104E800006D24FF40072514608EB4020FEF72EFA8E
:104E90006F022BE0626CBA421AD094F93030002BCA
:104EA0000DDA9BF80100012351460BF065FA00284A
:104EB000BAD194F8303003F07F0384F8303005988D
:104EC000012340783A4651460BF014FA0028ABD142
:104ED0006764A16BC1F30801C1F50077B74228BF31
:104EE00037463A4651444046FEF700FAD9F80030BA
:104EF0003B44C9F80030D4E90E32DB1942F100021C
:104F0000C4E90E32F61BB8446AE7029D00E00725AB
:104F1000284607B0BDE8F08F2DE9F04F9B4685B0DD
:104F200000230F46CBF8003003A904461646FEF7CF
:104F3000B5F80546002840F0D88094F83150002D8F
:104F400040F0D38094F830309A0740F1CD80039B35
:104F50001B78042B03D0A36BF34228BFDE4304F17C
:104F60005009DEB1D4E90E10C1F30803002B40F064
:104F70008D80039B5A894B0A013A43EAC053134080
:104F8000019320D151EA000303D1A06868B901461A
:104F900000E0216C2046FEF7A5FE30B994F83030D1
:104FA00043F0400384F830309FE0012801D102250E
:104FB00002E0431C03D1012584F8315095E0A36839
:104FC000206403B9A06094F93030002B0EDA039806
:104FD000626C4078012349460BF0CEF90028EAD1F3
:104FE00094F8303003F07F0384F83030DDF80CA003
:104FF000216C5046FDF7AAFF0028D8D0019BB6F5DA
:10500000007F03EB00082BD30199BAF80A209AF825
:10501000010001EB562191424FEA562388BF019BC4
:10502000394688BFD31A424601930BF0A5F90028F0
:10503000C1D1616C019BA1EB080199420DD24FF4E3
:10504000007207EB41214846FEF750F994F83020F2
:10505000019B02F07F0284F830204FEA432828E0C9
:10506000636C434510D0D4E90E20216963698A42FC
:1050700070EB030308D29AF8010001234246494627
:105080000BF038F9002896D1C4F84480A06BC0F327
:105090000800C0F50078B04528BFB0464246394602
:1050A0004844FEF723F994F8303063F07F0384F826
:1050B0003030DBF800304344CBF80030D4E90E3216
:1050C000D4E9040118EB030342F10002984271EBAA
:1050D000020C3CBF18461146C4E90E32C4E9040173
:1050E000A6EB080647443CE70725284605B0BDE87F
:1050F000F08F0000F0B599B001A90446FDF7CEFF8E
:10510000002840F0898094F8303013F0400000F01F
:1051100083801B060FD50198626C4078012304F14F
:1051200050010BF029F9002875D194F8303003F0C4
:105130007F0384F830300BF045F80546019803787A
:10514000042B45D12046FEF79DFB002864D1216C3D
:105150004FF0FF322046FEF7FFFA00285CD12368AB
:105160000293236A0493636A8DF80F3023F0FF03E0
:10517000CDE90630A16A099002A81591FEF72EFA32
:10518000002849D102A8FEF7FFFE002844D1019A69
:1051900011690B7943F020030B71E379116943F036
:1051A000010381F82130D4E904671369A1685963C8
:1051B000C3E90E67D4E904675875C3E90A67DD607F
:1051C0001369186102A8FEF771FF28BB019819E066
:1051D000A16CFEF7BBF8F8B9E36C0198DA7A42F0FB
:1051E0002002DA722168A26809785A83032904BF71
:1051F000120C9A822269DA610022C3F816505A8290
:105200000123C370FEF782FB94F8303023F0400393
:1052100084F8303000E0012019B0F0BD13B5044629
:10522000FFF768FF28B901A92046FDF737FF00B94D
:10523000206002B010BD00001FB5019100283CD0D5
:105240000446002203A901A8FEF79AFB002831D1E9
:10525000039B019923602046FFF7C8FA00282ED14E
:1052600094F94B30002B1BDBA379DB0601D405201E
:1052700020E0039A107804280ED1A36823622369E2
:10528000E179106923F0FF030B436362E36CA362CF
:105290002146FFF795FA03E0E16BFFF79FFAA06064
:1052A000039BDB88A38000212046FEF797F90428A2
:1052B000DDD038B10023236004E0092002E0042897
:1052C000D5D0F7E704B010BD13B501A90446FDF72A
:1052D000E5FE00B9206002B010BD000073B50D46B8
:1052E00001A90446FDF7DAFEB0B925B9014620460A
:1052F000FEF774F910E02046FEF738FF10F0FB06C9
:105300000AD129462046FDF7FDFE31462046FEF72C
:10531000DBFD042808BF002002B070BDF8B50646CA
:105320000C4601F11A0721463046FFF7D7FF054624
:1053300050B94CB1A37E3BB102460423306D3946CF
:10534000FDF74AFE0028EED02846F8BD10B5BCB0E7
:105350000222019003A901A8FEF712FB002851D1F7
:10536000039B0199109310A8FFF740FA002849D138
:105370009DF98B30002B44DB9DF84630DA0701D5D0
:1053800007203FE0039B04931878042805D118698F
:1053900004A9FFF715FA069C03E01F99FFF71EFA10
:1053A00004469DF84630DB0604D410A8FEF7AEFE96
:1053B000D8B127E0039B269328941B78042B07D1B0
:1053C000DDE90823CDE92A239DF817308DF89F30B9
:1053D000002126A8FEF702F9A0B926A8FEF7C6FE0E
:1053E0000028CDD004280DD1DFE71CB90398FEF7C3
:1053F0008DFA07E00246214604A8FEF7C5F908B970
:10540000F4E706203CB010BD7F2800D817E0B0F5C7
:10541000803F16D240F26233994212D10A490023EA
:105420004FF4826203E0802B0BD031F8022F8242CE
:105430001FFA83FC03F10103F5D10CF1800080B267
:1054400070470020704700BF9C1801087F280DD9C5
:1054500040F26233994208D1FF2806D800F100409B
:10546000034B803833F8100070470020704700BFAE
:105470009C180108B0F5803F55D22B4A2B4BB0F554
:10548000805F30B541F67D5184B234BF612113464F
:1054900004331D46002944D08C4242D333F8022CF9
:1054A0005FFA82FC0CEB010E70454FEA12222EDAF5
:1054B000082A36D8DFE802F005090F13171B1F234F
:1054C0002700411A33F811402BE0631A03F001035F
:1054D000E31A9CB225E0A4F110039CB221E0A4F1F0
:1054E00020039CB21DE0A4F130039CB219E0A4F1AA
:1054F0001A039CB215E004F108039CB211E0A4F178
:1055000050039CB20DE0A4F5E3539CB209E00433D0
:1055100012B133F8041CBCE735F81C1005EB4C0342
:10552000B6E7204630BD7047E0170108EC150108CA
:1055300008B5202383F311880348FCF799FA002368
:1055400083F3118808BD00BF8407002038B50C46DE
:10555000202383F31188022902D003290ED010E002
:1055600005460A4A0121FCF749FB2846084A21461C
:10557000FCF744FB0748FCF74DFA02E00548FCF74E
:105580003DFA002383F3118838BD00BF14220108BF
:105590003022010884070020174AD2F8B407D2F855
:1055A000AC37D2F8B01710B5144C03440B43204667
:1055B00004F1180E03F01F0CBCF10A0F34BF3022A7
:1055C0003722624420F8022F5B09704543EAC16329
:1055D0004FEA5111EED10A4840F21A3100231A2243
:1055E000A0F8E01FA0F8D82FA0F8DA3FC0F8DC4FF1
:1055F00000F6D87010BD00BF00F0FF1FF08A002039
:10560000107B0020022913D0032904D001290A4865
:1056100018BF00207047032A05D1084B9B8A5B0501
:1056200002D5FFF7B9BF05D8054800EBC2007047A7
:105630000448704700207047B0220108080300208A
:10564000082301086422010830EE010AF0EE007A16
:10565000A0EEA70AF5EE007A20EE270A704700BFF9
:10566000F7EE002A9FED192A9FED193ADFED193A5E
:10567000A2EE003A9FED184AE3EE003ADFED174A3A
:10568000A3EE804A9FED165AE4EE004ADFED155A6C
:10569000A4EE805A9FED146AE5EE005ADFED136A1E
:1056A000A5EE806A9FED127AE6EE006AF5EE007ACA
:1056B000A6EE807AE7EE007AB0EE627AA0EE277A64
:1056C000E7EE002AB0EE620A704700BFD4CBA022FA
:1056D0004EE53426C400AB299998052D22152930B2
:1056E000221529332E740136B4A29138398EE33A4B
:1056F000398EE33CAAB101390B1A02FB03F303FB19
:1057000000F000FB02F207EE902A01FB01F1B8EE77
:10571000670A07EE901AF8EE677A80EE270AFFF71D
:105720009FBFB7EE000A7047054B1B6810B41C689A
:1057300024680A460146184623465DF8044B18477C
:105740008058002010B42C4C638B002B4BD004EB02
:10575000C30C224604F6C831F7EE002A04F5B6530E
:1057600092ED343A93ED007AD1ED016AD2ED353AFB
:10577000D1ED005AD3ED017A73EE474A37EE437A02
:1057800033EEE76A35EEA24A77EEE37A32EEE55A77
:1057900067EE265A012826EEC66A64EEA64AE7EEB0
:1057A000845A67EE043A67EEA66A08D1F0EE466ABC
:1057B000F0EE645AE7EE056AE7EE855A08E0B0F1CC
:1057C000FF3F12BF73EEE66A76EEE36AF1EE655ACA
:1057D00008326245C3ED006AC3ED015A01F10801C8
:1057E00003F10803BCD1A38C23F0040343F040036E
:1057F000A3845DF8044B7047F8080020084A08B5F8
:10580000138B03F00101814209D023F0010303430C
:105810002820138305F05AFC024B00221A7708BD9A
:10582000F8080020080300202DE9F04F2DED028B31
:10583000061E83B0154601DB554C93E0544CD4F85A
:105840000CA08A450F4680F08C80B4F82290206925
:1058500009F1FF3988421FFA89F901D84E4681E0E3
:10586000A0EB0A08A1EB0A0142460023A1FB0901B3
:10587000FBF74CF80646A6FB08CBC1174FEA5900C8
:105880001CEB000008FB01BB4BF1000B4A46002358
:1058900059460190FBF73AF80346019818EB0000CF
:1058A0004BF1000198464A460023FBF72FF80346C8
:1058B0000AEB080087429A44A3EB080352D05BB17D
:1058C00007EE903A3B1A07EE103AF8EE677AB8EE18
:1058D000477A87EE278A01E09FED2E8A03F098F839
:1058E0008046504603F094F8404501D1731C15E002
:1058F000384603F08DF8404508D1002E32DDF7EE32
:10590000007A334638EE278A013E07E0B14529DDAB
:10591000F7EE007A38EE678AB31C013604EBC60650
:1059200004EBC3042B1D2C35D6ED347A94ED347A78
:1059300037EE677A1A46E7EE087A083343ED037AC2
:10594000D6ED357A94ED357A37EE677AAB42E7EEED
:10595000087A06F6F82604F6F824C2ED007AE3D1B8
:1059600010E000262B1D04EBC6042C35D4F8D02003
:1059700043F8042CD4F8D42043F8082B9D4204F6B5
:10598000F824F3D103B0BDEC028BBDE8F08F00BF6B
:10599000F80800200000000010B52DED028B82B049
:1059A000044601A96846D4ED008A94ED018A0BF003
:1059B00017FBDDED007ADDED016A28EE677A67EE10
:1059C000A87AA6EEA87AE6EE887A84ED007AC4ED8D
:1059D000017A02B0BDEC028B10BD00BF012819D1C5
:1059E00008B50B460C49186802F022FE28B90B4A8C
:1059F000137843F04003137006E0012804D1074AEE
:105A0000137823F040031370BDE808404FF48D7005
:105A100005F05CBB704700BF0C2D0108A8030020F7
:105A200000283ED002283CDC1E4B9B8A5B0738D402
:105A300070B5022892B00ED14868019102F042FD83
:105A4000194C1A4B019900FB04F404F2E734A3FB50
:105A50000434A40901E044F6206409680191084671
:105A6000FBF7D6F80199124D124E02462346124812
:105A7000FBF76EFE1149104823460222FBF768FE31
:105A800002E033681B689847402202A92346284653
:105A9000FBF7D4FD024602A90648002AF1D112B054
:105AA00070BD704708030020A0860100D34D62102E
:105AB0007405002084070020940500204029010877
:105AC000022813D110B5086882B00C4602F0E0FC41
:105AD000014609B26068019102F0DAFC019902B254
:105AE000022002B0BDE8104009F096BE4FF0FF3230
:105AF0001146022009F090BE022810D110B50868A6
:105B00000C4602F0C5FC014660680C4602F0C0FC81
:105B100021B202B2BDE81040012009F07DBE7047FD
:105B200009F098BA08B52DED048BB0EE419AB0EEAD
:105B3000608A38EE098AF0EE408A60EE817A38EEAB
:105B4000288A67EE807AB0EEE70A0BF0A5FAB5EE88
:105B5000C08ABDEC048BF1EE10FA48BFB1EE400AEA
:105B600008BD00BF0A4B5A8B8AB140F25F1101FB9E
:105B7000002140F6F82C0CFB0030002203EBC1039F
:105B800080ED340AC0F8D42008309842F8D170472C
:105B9000F80800200828044A034628BF08231020DC
:105BA000137005F093BA00BF8C580020014B187891
:105BB000704700BF8C580020024A137823F001037D
:105BC00013707047A8030020FFF7F6BF024A13784E
:105BD00083F0010313707047A80300200FB400B5D1
:105BE000064B186883B020B105AA04990192FCF70E
:105BF00029FE03B05DF804EB04B070478058002024
:105C000038B50E49052202F02FFD0D4B80B2052854
:105C1000188004D90B48FFF7E1FF00240CE050B1D5
:105C2000094C0A48054D296802F002FD20B154F8DC
:105C30000A0F0028F7D10024204638BD2458002040
:105C40007C58002030230108842E010828230108F5
:105C5000022870B51FD02748274E284DFFF7BEFFFA
:105C6000002436F8022FD3084FEA521C0CF0F80C2F
:105C7000100403F4E05343EA0C0300F478005203E9
:105C8000034392B221461A4328460134FFF7A6FF88
:105C9000202CE6D12DE008680C4602F013FC83B2FC
:105CA0001F2B064625D8606802F00CFC054660688C
:105CB00002F008FCED00400100F4F85305F46045E3
:105CC00060681D4302F0FEFB000C00F0F803606802
:105CD0001D4302F0F7FB0A4BB6B203EB4606C0F3D6
:105CE00042300543F58340F21A30BDE8704005F0BC
:105CF000EDB970BD4C23010824030020682301087E
:105D00000803002001490248FFF768BFA82C0108DA
:105D10007823010838B5064C216839B1054D28466D
:105D2000FFF75CFF54F8041F0029F8D138BD00BF0D
:105D30007C0300207823010838B50948094C0A4D36
:105D4000FFF74CFF09492846FFF748FF54F80A1FA0
:105D50000029F8D1BDE838400548FFF73FBF00BF34
:105D600080230108842E01088C23010828230108C0
:105D700040290108012808B507D0074B07495A6890
:105D80000748BDE80840FFF729BF086802F09AFB02
:105D9000014B586008BD00BF080300209023010894
:105DA000B82301082DE9F041061E43D048DDDFF895
:105DB0009880244F0C1F002554F8040F414602F030
:105DC00037FC072836D8DFE800F004080C131A1F48
:105DD000262B0120FFF712FD28E00020FFF70EFD23
:105DE00024E03B8B23F0060343F002033B831DE0DA
:105DF0003B8B23F0060343F004033B8316E03B8B0D
:105E000023F006033B8311E03B8B23F0180343F0A0
:105E100008033B830AE03B8B23F018033B8305E038
:105E20003B8B23F0180343F010033B830135AE4254
:105E3000C2D105E0BDE8F04103490448FFF7CEBEFA
:105E4000BDE8F081F8080020D82D0108D42301080E
:105E5000012808B506D0064B0648198BBDE8084056
:105E6000FFF7BCBE086802F013FB014B188308BDA6
:105E70000803002064270108022816D138B50C4613
:105E80000C49206802F0D4FB051E08DB606802F0B4
:105E900019FBC1B2A8B2BDE8384009F0F5B9BDE8B8
:105EA000384004490448FFF799BE02490248FFF709
:105EB00095BE00BF902D0108F4230108012808B504
:105EC00007D0084B08491A780848BDE80840FFF792
:105ED00085BE086802F0F6FABDE80840C0B2FFF7D8
:105EE00059BE00BF8C58002010240108B8230108B7
:105EF000012808B50CD10B460D49186802F098FB33
:105F000030B90C48FFF76AFEBDE8084009F0A6B9B1
:105F10000948FFF763FEBFF34F8F0849084BCA6873
:105F200002F4E0621343CB60BFF34F8F00BFFDE785
:105F300020240108242401084424010800ED00E085
:105F40000400FA05012808B507D0074B07495A6E27
:105F50000748BDE80840FFF741BE086802F0B2FA02
:105F6000BDE8084002F02CBD0803002058240108B9
:105F7000B823010808B50AF015FCBDE80840014641
:105F80000148FFF72BBE00BF74240108012812D17D
:105F900008B50B460A49186802F04AFB002804DBE2
:105FA000BDE80840C0B205F0D5B8BDE808400449D6
:105FB0000448FFF713BE02490248FFF70FBE00BFB7
:105FC000582D01087C240108012813D108B5086860
:105FD00002F078FA062806D80AF084FABDE80840EC
:105FE000102005F073B8BDE80840054A05480621B1
:105FF000FFF7F4BD024A03480621FFF7EFBD00BFDB
:10600000942401089C24010810B90B48FFF7E6BD51
:1060100038B5044608680D4602F054FA012CCCBF8E
:1060200069680021022C0246CCBFA8680020BDE8A8
:10603000384008F0B5BB00BFB024010810B50D48CA
:1060400082B0FFF7CBFD08F0DFFF0B490B48B1F939
:106050001240B1F91030B1F90E20B1F90C100094D2
:10606000FFF7BCFD40F21A3002B0BDE8104005F069
:106070002DB800BFD4240108080300200025010822
:106080002DE9F041274CC02323802688264BE0B021
:10609000012836B2C3F800D007D1086802F0F8F939
:1060A000224B013818BF01201880002002F034FE76
:1060B0004FF080431E4A5B6AC83313601D4B1E4A73
:1060C0005B8B02339BB2138023881BB2002B04DD51
:1060D00030BF23881BB2002BFADC002E10DC1DE041
:1060E00035F9021BFFF77AFD0C2C03D14046FFF770
:1060F00075FD0024B542384604F10104F0D10DE0ED
:10610000BDF900100D480D4FDFF83480FFF766FD34
:106110000DF102050DEB46060124EBE760B0BDE88A
:10612000F08100BFA8400020A4400020AA40002029
:10613000A056002008030020B85D00202825010893
:1061400040290108012802D00A48FFF747BD08B5D9
:106150000B460949186802F06BFA20B1BDE8084007
:106160000648FFF73BBD0AF045FABDE80840044881
:10617000FFF734BD302501085825010860250108C6
:106180007425010808B50AF067F9BDE80840014820
:10619000FFF724BDD825010810B50649064801229D
:1061A000FEF798FC044610B10448FFF717FD20469F
:1061B00010BD00BF70250108D4880020E825010823
:1061C000012802D00E48FFF709BD10B582B00C4679
:1061D000FFF7E2FF90B9216801910846FFF7B6F892
:1061E000084C094B019902460848002A0CBF224678
:1061F0001A4602B0BDE81040FFF7F0BC02B010BD77
:1062000000260108F8250108FC25010820260108C0
:10621000012802D01A48FFF7E1BC30B583B00D6801
:106220000446FFF7B9FF40BB294616482246FEF751
:1062300075FC054628B1144803B0BDE83040FFF7AF
:10624000CDBC124C0421D4F8843B00936846FFF780
:106250006BFA019501E0FFF767FA01AB09484FF4CB
:1062600000722146FEF790FD0346204613B90199BE
:106270000029F0D10348FEF7D1FF03B030BD00BFC5
:1062800030260108848600204C260108107B00205F
:1062900030B5A7B004460D46FFF77EFF68BB14B1CA
:1062A000012C03D005E0164B249308E02B682493BF
:1062B00005E0144827B0BDE83040FFF78FBC124915
:1062C00010A8FEF7B9FF08B9104C07E010A8FEF7B8
:1062D000FBFF12E0DDE90023FFF780FC694610A810
:1062E000FFF71CF803460DF11A012046002BEDD1F3
:1062F0009DF81A30002BEDD1E8E727B030BD00BF84
:106300005C26010860260108702501087C2601082A
:106310002DE9F043334B344D1E6887B006F07F34CF
:1063200024F0FE440494D3F80480032808EA050509
:106330000F4605950FD12D49386802F079F90028EC
:106340003AD1786802F0BEF80446B86802F0BAF8AC
:10635000014620462BE002282ED12549386802F05C
:1063600067F98146B9F1060F786806D102F0D0F8D6
:1063700007B0BDE8F0430AF091BB02F0A3F8B9F111
:10638000000F19DB632817D81A4B1B4AA3FB001315
:1063900012F80920DB0803EB83011832A0EB41005F
:1063A0006A4440EA031002F8080CDDE9041007B063
:1063B000BDE8F0430AF006BB0D4B039306F07F06E1
:1063C000C4F30623240CCDE90136009408F03F0302
:1063D000C5F30422290C0948FFF700FC07B0BDE80B
:1063E000F08300BF002800403F1FFF008426010803
:1063F0002C310108CDCCCCCCD43001088826010842
:10640000012808B507D0074B07499A680748BDE837
:106410000840FFF7E3BB086802F03AF8BDE808401F
:1064200002F0E0B908030020DC260108B8230108C7
:10643000012802D00748FFF7D1BB08B5086802F071
:1064400041F8FFF7B9FB044BD97FBDE8084002F0E3
:10645000F7BA00BFFC260108F8080020F0B50128B3
:1064600085B013D1086802F013F8062805D91B4837
:1064700005B0BDE8F040FFF7B1BB012809DC184CBE
:10648000184E40F6F82303FB00440AE0144C154E66
:1064900007E0841E40F6F820124E00FB04F4D034CE
:1064A0003444738BC3B1104F00252068FAF778F895
:1064B00002460B466068CDE90223FAF771F8DDE980
:1064C0000223CDE900013846FFF788FB738B0135C5
:1064D000AB4204F10804E8DC05B0F0BD1C2701085C
:1064E000AC400020F80800203427010810B504460D
:1064F000102004F0EBFD094B042CDA7F28BFFF24A9
:10650000A24209D0064ADC771378DB0704D4204680
:10651000BDE8104002F0B6BB10BD00BFF808002077
:10652000A8030020012808B506D0074B0748D97FEB
:10653000BDE80840FFF752BB086801F0A9FFBDE8BD
:106540000840C0B2FFF7D2BFF80800203C2701087E
:106550002DE9F04784B040232A48ADF80E300821D9
:10656000FFF7E2F802210DF10E00FFF7DDF8BDF8AC
:106570000E102548DFF8A080244EFFF7D5F8002440
:10658000274608F2BE35A8F14009A8F13E0A0020CE
:10659000CDF8008001234FF4F072394609F046FB34
:1065A0001B4800F1010C06EB440330F8021FDB8BA3
:1065B0008B4209D0174B002402E00134202C05D077
:1065C00033F8022F8A42F8D1E3B201E000242346D7
:1065D000A8420CF8013FE6D14FF4F07251460E4844
:1065E00002F080F8034681B2023148460137A9F82B
:1065F0000030FFF799F8B7F5A07FC8D104B0BDE827
:10660000F08700BF003101082603002008030020A6
:106610004E7B002024030020507B0020002801DD59
:10662000FFF796BF30B50B4D83B0002421460223FF
:106630004FF4F0720020009509F0F8FA02344FF49C
:10664000F0612846FFF770F8B4F5A07FEED103B0F3
:1066500030BD00BF107B0020134A144914484B8BF7
:10666000B2F81AC0008810B4CCF3080CC3F30803C6
:1066700000F00F0043EA4C2343EA8043107F547F2D
:1066800000F0070043EA8053908A0A4A43EA4463D1
:106690004C68136554658C684B699465D3655DF8E7
:1066A000044B1066704700BF08030020F808002064
:1066B000128B002000280040F8B5234D2A8892B2A2
:1066C000002A3FD021494FF0804309685B6A994214
:1066D00038D81F491F4E498B10F0020F01F10103FA
:1066E000A6F1C00008BF0646934202DA02F00CFC95
:1066F00003E06021304602F071FB174B174FB3F9EE
:1067000000003C68164906EB4000021D4FF0000CEB
:10671000C4300B881BB21BB9BCF1000F0ED00CE0CB
:106720000B8832F9046C013B04321BB282420B80AD
:106730004FF0010C24F8026BEBD13C602B88013B3D
:106740009BB22B80F8BD00BFB85D0020A056002092
:106750000803002064570020AA400020A440002025
:10676000A8400020034AC0F308034FF4816053831C
:1067700004F0ACBC08030020012808B504D1086867
:1067800001F0A0FE80B215E0022815D1086801F0E2
:1067900099FE83B2B3F57A6F08D8072B08D94FF466
:1067A0007A60B0FBF3F0013880B203E0002001E032
:1067B00040F2FF10FFF7D6FF054B0648598B4FF408
:1067C0007A624B1CB2FBF3F2BDE80840FFF706BA51
:1067D000080300206C2701084FF47A630130B3FBF3
:1067E000F0F0704709490A4A0A4B09881B68126889
:1067F00010B4094C246802FB00324B0804FB003043
:106800005DF8044BB0FBF1F010447047F008002035
:10681000E8080020F4080020EC0800202DE9F04FE3
:10682000DFF8E081714CB8F81A2023882DED028B37
:1068300095B09A4202900E4604D9002800F0C48117
:106840002EB9AFE100232380029B002BF8D1684BC7
:1068500098ED2A0ADFED677A4FF000529A6120EE38
:10686000270A0AF02DFD1120B0EE408A09F03EFB08
:10687000B8F81A302088834240F28B8106F0030377
:10688000009306F0400306F00209002506F0010A15
:10689000C82704933346AB4656460195BA464F4641
:1068A0009946FFF79FFF009B054663B198F81F10BC
:1068B00002F0C6F8049B834613B92388039302E0D1
:1068C0004FF0FF330393002E63D0002002F024FA30
:1068D000494B5A8B4FF080430232586A474B504421
:1068E00058441860464B92B219F0200B1A8000F001
:1068F00065810AAA039805932946FEF795FF059B33
:106900001A8892B2002A00F04F8130BF1A8892B2E2
:10691000002AFAD106A802F0B1FABBF1000F36D076
:10692000DDED076ADDED0B7ADDED0C5A9DED066AB3
:106930009DED0D5A9DED0E7A76EEE76ADDED0A7A51
:1069400036EE676A66EEA57AA6EE257A4FF00A0B58
:10695000E6EE057AA6EEC57AF0EE675ADDED0F7A1F
:1069600077EEA57A26EEA75A67EEA75A67EEC67AA3
:10697000E7EE075AA6EE075AE6EE877AC5EE256AD5
:1069800087EEA57ACDED066A8DED077A01E04FF02E
:106990000A0B002F7CD0012002F0BEF9164B1749DC
:1069A0005A8B4FF0804302325B6A9A440AEB0B0326
:1069B0000B60134B92B21A8009F02102202A0FD1EA
:1069C000039805930AAA2946FEF72EFF059B07E0C8
:1069D00008A802F053FA19F0200F59D014E030BF84
:1069E0001A8892B2002AFAD1F2E700BF9C56002022
:1069F00000080048E3C8EB3D08030020A056002033
:106A0000B85D0020F80800209DED087ADDED126ADF
:106A1000DDED097A9DED116ADDED105AB8F82430EC
:106A200037EE667ADDED136A77EEE67A67EE066A90
:106A300027EE257AE7EEA56A5B0567EE867ACDED4F
:106A4000096A37EE675A8DED085A21D59DED0D4A3A
:106A50009DED076ADDED0C3ADDED064AF7EE005AD2
:106A6000E4EE065A26EE236A77EEC77AB0EE467A4F
:106A7000E3EEE45AA4EE247A26EEA56A66EE876A6F
:106A8000A7EE276AE5EE256A8DED096ACDED086A65
:106A90002388B3F5AF7F43D8AEB119F0040F0BD004
:106AA00007EE105AD8ED277AB8EE470A06A820EE6E
:106AB000270AFEF771FF2388474A02EBC303069AB1
:106AC0001A60079A5A605FB319F0080F0AD007EEF0
:106AD000905AB8EE670AD8ED287A08A820EE270A5F
:106AE000FEF75AFF9DED087ADDED097A23883A4AD0
:106AF00019F0100F1CBF28EE077A68EE277A03F210
:106B00005F1102EBC30303F6FC2302EBC1021CBFBF
:106B10008DED087ACDED097A82ED007AC3ED007A29
:106B20002E4B1B780BB1029B23BB2D4B20885B8B1C
:106B3000B8F81A10262B00D814E0019DC0EBC00352
:106B40004A1E03EB831393FBF2F35A1B002A09DD61
:106B50002846143001930021012309F0D5F820883C
:106B6000B8F81A10013080B2884220804FF0000A35
:106B7000FFF497AE019D05B908E0022009F0B6F9CF
:106B800001232A460021142009F0BEF8B8F81A3073
:106B90002088144A181A4FF40051B0FA80F091611D
:106BA000400914E0304612E006A802F067F9B7E6A3
:106BB00006A802F063F94FF00A0BEAE61A8892B2CF
:106BC000002A7FF4A2AEF3E7029B23803FE615B0D4
:106BD000BDEC028BBDE8F08FAC400020037B0020B1
:106BE00008030020000800482DE9F04FA84B2DEDC8
:106BF000068B9B8A1E068BB002D5012009F04EF849
:106C000008F01CFE05F00AFCA24BDFF8C0929FEDD5
:106C1000A2AAA24CDFF8B8A2DFEDA19A5B0003F5AF
:106C20008052131D0892099304F038FAB9F8243001
:106C3000D9ED277ADD05F5EE407A58BF40F0030024
:106C4000D9ED287A48BF40F023001FFA80FB980551
:106C500048BF4BF0400B934BF1EE10FAF5EE407A43
:106C6000D9ED2A7A93F8008018BF4BF0040BF1EEAF
:106C700010FAF5EE407A18BF4BF0080BF1EE10FA5F
:106C800018BF4BF0100B18F003080AD0594601202A
:106C9000FFF7C4FD834A137823F002038046137084
:106CA0001FE030BF1DE0BAF8000023680138394604
:106CB0009847002130462560FAF772FA2368002BC6
:106CC000F1D1784A1378154663F07F03137008F00A
:106CD00063FD2B7803F07F032B70B8F1000F07D111
:106CE00087E12368002BECD06F4F704E0025DAE768
:106CF0006F4B1B7823B9B9F81830D9075AD55DE026
:106D0000634B6C4E9B8A6C4D13F0020FCDE902BBB6
:106D10006A4B08BF1D46029BDA070BD4029BC3F3E4
:106D20004F030293664B06F6F826B342F3D1DDF823
:106D30000CB0E0E75E4B93F80080012308F1FF38C8
:106D400003FA08F3002B0193E8DD0027B9F81A30A5
:106D500096ED008AD6ED018A022B04D8019B0137FB
:106D6000BB42F3D1DAE7B0464FF0010BB0EE480A70
:106D700098ED028A98ED041AF0EE480AB0EE689A8F
:106D8000D8ED038AA847F0EE407A98ED051AD8EDC1
:106D9000030AC8ED027AB0EE490AA847B9F81A30DA
:106DA00088ED030A0BF1010B013B9B4508F1080834
:106DB000DCDBD3E7012004F089F91AE103F00606D1
:106DC000022EB9F81A5007D0042E05D0002201EE89
:106DD000105A0792059207E00122079205FA02F283
:106DE00092B201EE102A059513F0180206D0102A6F
:106DF0000CBF4FF00D084FF0000801E04FF00608FF
:106E0000304903F01E030A8843EA45139BB29A42B5
:106E10002BD0042E0B800AD108FB08F300EE103AA9
:106E2000BAEECF0AFEF71CFC60EE0A1A16E0DFEDA0
:106E30001C1A7DB1059F019611EE106A3D4438463B
:106E400042463146FEF756FC0137BD4271EE801ACC
:106E5000F5D1019E022E08BF71EEA11AB7EE007A9D
:106E6000C7EE217A184BC3ED007A124BCDE902B37D
:106E700011EE107A029BDB072CD4029A039B520876
:106E800002920F4A03F6F8239A420393F2D191E754
:106E900008030020107B0020000000443858002028
:106EA00000000000A803002028580020845800207B
:106EB0008C580020AC40002049560008255B000893
:106EC0009C5600208E580020BC5D0020F808002051
:106ED0007C580020B9F81A30049383B3574A039DB5
:106EE000D2ED001ADDF814B0554EDA0005EBC303FD
:106EF000394606921F46584642460191FEF7FAFB74
:106F000095ED007AD5ED017A019920EE210A083538
:106F100027EE007A27EE800AAF4286ED007A86EDF2
:106F2000010A0BF1010B06F10806E4D1049BB3F54D
:106F3000007F0F4607DB079B002B61D012E0049B0C
:106F400006931A4600E0049A3D4B06990B44013221
:106F5000B2F5007FC3ED009AC3ED019A03F1080377
:106F6000F5D1E8E7049B012B54DD354B069ADDE9AA
:106F700008561A440833E91A18680860D3ED017AF4
:106F8000F11A0833F1EE677A9A42C1ED007AF2D134
:106F900040E02C4A991E02EB8101083A154608325E
:106FA0009142C5ED009AF9D13EE0B9F8182002F0FF
:106FB0000602042A2BD1012829DD214A02EBC00058
:106FC0000832D2ED007A12ED027A114677EE877A16
:106FD00008328242C1ED007AF3D118E0002B4FEA6B
:106FE000830317490398CCBF1A4604220AF092F98A
:106FF00043E74FF4807004F069F804F0BFF813E63B
:107000000F48012109F056FFB9F81A305B00002B38
:10701000E4D132E70A48012109F04CFFB9F81A001F
:107020004300012BB5DCC0E7B9F8182002F00602D6
:10703000042AD3D10128C0DCD0E700BFBC5D00200A
:10704000107B00201C7B002070B5084D6B8B63B15A
:10705000074E0024A0B2FFF7C5FB01463046FEF7FD
:10706000BDFD6B8B0134A342F4DC70BDF808002039
:10707000CC2301082DE9F041A74F86B0831E7A8BFF
:10708000ADF81020022B03D9A448FEF7A7FD3FE17D
:10709000064608680C4601F015FA8046606801F063
:1070A00011FA0546B8F1000F02D008B1804503D9A6
:1070B0009B48FEF793FD2BE1022E00F01D81A06896
:1070C00001F000FA80B2431E9BB2B3F5AF7FADF87A
:1070D000100003D99348FEF781FD19E10022042E28
:1070E0007883ADF8122004D08F4C06462278032115
:1070F00014E0E0688C4C01F0E5F92278BDF81060EE
:1071000080B21107ADF8120044BF40F08000ADF826
:107110001200C0F34101731E788B9BB222F008026B
:107120002270BA8CD20505D5BDF81220140758BFBD
:1071300041F02001D7ED277AF5EE407AF1EE10FA12
:107140000DD0BDF81220D20616D4D7ED287AF5EE70
:10715000407AF1EE10FA41F004010BD10CE0D7EDCA
:10716000287AF5EE407AF1EE10FA05D0BDF812203B
:10717000D40601D441F00801D7ED2A7AF5EE407A21
:10718000F1EE10FA05D0BDF81220920658BF41F07A
:107190001001FA68904540F0AC803A69954240F0A1
:1071A000A8807A8C824240F0A480604A604CC2F889
:1071B0000080604A60481380A5EB0805B5FBF3F238
:1071C00003FB12558B077E832260056002D00020EE
:1071D000FFF724FBFEF7F0FCBDF81230002B00F0A7
:1071E000978013F080040AD1BDF81020002A00F027
:1071F0008F80524DDFF85081514F524E34E00221C2
:107200000DF11200FEF790FA022104A8FEF78CFAA5
:10721000BDF81030002B7BD0484D0024BDF8123053
:10722000DF0709D5A0B2FFF7DDFA0421059005A814
:10723000FEF77AFABDF812309E0704F1010405D575
:1072400028460821FEF770FABDF81230580704D519
:1072500005F6F8200821FEF767FABDF81030A342C2
:1072600005F10805DADC53E0D90708D5A0B2FFF72D
:10727000B9FA01464046FEF7B1FCBDF812309A0754
:1072800004F1010412D52868F9F78AF902460B4681
:107290006868CDE90223F9F783F9DDE90223CDE936
:1072A00000013846FEF79AFCBDF812305B0714D592
:1072B00005F6F8231868F9F773F90B4605F6FC2173
:1072C00002460868CDE90223F9F76AF9DDE90223ED
:1072D000CDE900013846FEF781FC3046FEF77EFC22
:1072E000BDF81030A34205F1080511DDBDF81230DC
:1072F000BAE741F0400158E7BDF810600A4C788BBE
:1073000022780023ADF81230731E9BB2032105E7EB
:1073100006B0BDE8F08100BFF8080020842701080E
:10732000BC270108DC270108A8030020F40800207E
:10733000E8080020F0080020EC080020AC40002005
:1073400004280108402901080028010810B5064C4E
:10735000237843F008032370FFF78CFE237823F093
:107360000803237010BD00BFA8030020014B18685C
:10737000704700BFE8080020421C1BD0F8B50E4E35
:10738000738B8B420D4614D904460B348FB206EB37
:10739000C4043846FFF726FA63886060AB4208D021
:1073A000184603F075FA67802020BDE8F84003F026
:1073B0008DBEF8BD704700BFF80800202DE9F843E6
:1073C000334F3449B7F81A80334C3448D7E9016950
:1073D00008F1FF38A9EB060307EE903A07EE108A92
:1073E000F8EE677AB8EEC77A2DED028B87EE278A22
:1073F0000E602B491FFA88F20A80B3FBF2F102FB00
:107400001133216003603D460024EB6D13B9B5F8DC
:107410005A1011E09E420ED29A1B07EE902AF8EE07
:10742000677A994568EE277A92BF4146FDEEE77A82
:1074300017EE901A00E0002120460134FFF79CFF70
:10744000082C05F10805E0D14946304603F0B2F9B1
:10745000FB689E4213D13B69994510D17A8B7B8C96
:107460009A420CD10FE040F21B40BB8403F02EFE89
:10747000BDEC028B0B4B00221A80BDE8F883BB8C5D
:1074800043F40073EFE7BB8C23F400739BB2EAE78D
:10749000F8080020F4080020E8080020EC0800208C
:1074A000F00800209C56002010B509F087F804462B
:1074B000FFF784FF034B93F8210003F04BFE2046B7
:1074C00010BD00BFF8080020012815D108B50868D4
:1074D00000F0F8FF062807D8FFF7E6FF58B1BDE82F
:1074E00008400848FEF77ABBBDE80840064A07484E
:1074F0000621FEF773BB08BD034A04480621FEF7C8
:107500006DBB00BF0C280108202801089C2401083D
:107510001528074B38BF152040F25F1188425A8B5F
:1075200028BF0846824202D05883FFF747BF704702
:10753000F808002008B5FFF741FF034A137843F02D
:107540000103137008BD00BFA80300202DE9F0411E
:1075500090B9414C414E012594F8583033B1E36D58
:10756000B4F85A2029463046FEF738FB0135092D7C
:1075700004F10804F0D16CE00D460446222003F02B
:10758000A5FD3749286801F053F800281BDB324A73
:10759000B0FA80F301284FEA53134FF0FF3018BFC1
:1075A0000020507782F8583082F8603082F86830D6
:1075B00082F8703082F8783082F8803082F8883033
:1075C00082F8903045E0286800F062FF471E072FE0
:1075D000064605D9BDE8F04121492248FEF7FEBA2A
:1075E000012C0ED11C4D00F10A0805EBC802014622
:1075F00053681A485288FEF7F1FA05F838406F7759
:1076000027E01749686801F013F810B1012807D086
:1076100012E0114B0A36012203F836205F7718E09A
:107620000D4B93F91D200A360021BA4203F836109B
:107630000FD1FF225A770CE0074C0A36012304F8D9
:107640003630686800F024FF01463846FFF794FEA4
:107650006777BDE8F08100BFF808002028280108FE
:10766000142D01083428010807289DBF024B03EBA5
:10767000C000C06D00207047F8080020022830B418
:1076800005D8B1F5167F38BF4FF4167115E00528FF
:1076900013D13F4B5A8B188B013A01FB02F2410682
:1076A00004D53C49914228BF114642E05C68394DFF
:1076B000A118A94228BF294618E0364B994228BF95
:1076C0001946062860D8DFE800F0040E1932505F32
:1076D00058002F4B1A8B9868596022F0400288425C
:1076E0001A8351D247E02A4B188B5C68996020F0CE
:1076F0004000A142188347D2596045E02448254DF7
:10770000048BD0E9013201326D1AD21AA1F5167339
:10771000AB4228BF2B465208934228BF134644F081
:1077200040020283CA1A1944C0E901212CE0184B17
:10773000188BD3E9014240F04000188360084908E3
:1077400000EB520004F001042044124A01F51674C3
:10775000A042A2EB010238BF2046824228BF024667
:10776000501A0A44C3E901020EE0094B1A8B596012
:1077700042F040021A83996006E0054B30BC4FF49A
:107780008060596103F0A2BC30BCFFF717BE00BF98
:10779000F808002000BBEEA030B9274927484B8BE2
:1077A000D1E90112FEF71ABA03282DE9F041044687
:1077B00039DC00280D4604DD086800F083FE06462B
:1077C00000E00026012C04DD686800F07BFE07461F
:1077D00000E00027032C04D1A86800F073FE0446E3
:1077E0000FE0022C0CD176B91549286800F020FF73
:1077F000431C18D0394680B2BDE8F041FFF73EBFC8
:1078000000242EB100E0002431460020FFF736FFAF
:107810001FB139460120FFF731FF54B1A0B2BDE8D6
:10782000F041FFF775BEBDE8F04105490548FEF798
:10783000D5B9BDE8F08100BFF80800205028010844
:10784000083101085C280108044BD3E903015A8C74
:107850005A83C3E90101FFF7B1BD00BFF80800205A
:10786000042843D82DE9F041214CD4E90131E268E4
:10787000658B934235D12269914232D1628CAA4202
:107880002FD1A38C1B491C4E00EB400001EB4002A2
:1078900031F81010E07F84F820005088B77E92F80D
:1078A0000580157903400B43262FA3849CBF272313
:1078B0007383B8F1000F0CBF012102210020FEF7F5
:1078C000ADFF40F6F8220D4902FB054002FB08110E
:1078D000D03009F01FFD77831020BDE8F04103F0A0
:1078E000F5BBC4E9033165840023CBE7704700BFD3
:1078F000F8080020B42C010808030020AC40002048
:1079000038B56C4DAC8C14F0010004D19FED6A0ABF
:10791000FEF728F9AC8CE10605D49FED670A042038
:10792000FEF720F9AC8C04F00603062B4AD1688BD5
:1079300050B924F0020444F020044FF0FF30AC842E
:10794000FDF700FFAC8C5EE05A4A05EBC00002F682
:10795000C83302F5B651D1ED005A91ED014A93EDCD
:10796000007AD3ED017A92ED355AD2ED344A37EEF2
:10797000256A77EE846A36EE646A76EEC56A77EE3B
:10798000C47A76EEC56A36EE646A37EE657A26EE1C
:10799000A75A67EEA75A67EEC67AE7EE075A08328B
:1079A0000833A6EE075A904201F10801E6EE877A05
:1079B000C5EE256A87EEA57A43ED026A03ED017AEA
:1079C000C9D1B6E7A20712D53C4940F6F82288187B
:1079D00009F0A0FC24F0020401209FED370AAC84DA
:1079E000FEF7C0F80120FDF7ADFEAC8C0BE063079D
:1079F00009D501209FED300AFEF7B4F84FF0FF30B3
:107A0000FDF7A0FEAC8C200702D421062ED533E072
:107A1000698B31B924F0080444F08004A4B2AC842A
:107A20002AE0274B03F6F82203EBC10193ED016A2C
:107A3000D2ED016A93ED007AD2ED005A76EE667AC5
:107A400037EE657A67EEA77A76EEC66AE7EE077AD2
:107A500008338B4202F1080287EE276A86EEA77A86
:107A600003ED026A03ED017AE0D1D3E7B7EE000A35
:107A70000320FEF777F8AC8C620605D4B7EE000A57
:107A80000220FEF76FF8AC8CA30605D49FED0A0A1E
:107A90000120FEF767F8AC8C0A4B44F480744FF673
:107AA000FF72AC841A804FF48260BDE8384003F066
:107AB0000DBB00BFF808002000000000C01400202B
:107AC000B02A0020128B0020F8B5A0B92C4D2D4F04
:107AD0002D4E0446AB8C2341DB0704D557F8241008
:107AE0003046FEF77BF80134092CF3D1BDE8F840AD
:107AF0002648FEF773B80D46102003F0E7FA244934
:107B0000286800F095FD082833D8DFE800F0050A62
:107B10000F14191E22282E00BDE8F8400020FFF7A0
:107B20009FBEBDE8F8400120FFF79ABEBDE8F840CF
:107B30000220FFF795BEBDE8F8400320FFF790BE96
:107B4000BDE8F8400420FFF78BBEBDE8F840FFF722
:107B5000D7BE0B4A938C43F4807393840FE0084A9A
:107B6000938C23F48073938409E0054B00229A845C
:107B700005E0BDE8F84006490648FEF72FB8F8BD15
:107B8000F8080020DC300108A42801084029010879
:107B9000D42C0108A8280108064B074A00EB400036
:107BA00003EB800090F82A3003F0010352F8230021
:107BB000704700BFF808002040310108084B00EB77
:107BC000400003EB800301F0010193F82A208A4270
:107BD00004D0212083F82A1003F078BA704700BF40
:107BE000F8080020054A92F91C108142034603D090
:107BF000A020137703F06ABA704700BFF80800208E
:107C0000084B00EB400003EB8003D3ED0B7AF4EE5E
:107C1000407AF1EE10FA04D0A12083ED0B0A03F0B4
:107C200055BA7047F8080020084B00EB400003EB02
:107C30008003D3ED0C7AF4EE407AF1EE10FA04D022
:107C4000C12083ED0C0A03F041BA7047F808002008
:107C500070B5164B02F0010500EB400203EB820306
:107C6000044693F829208A4209D193F82A30AB427E
:107C70001AD029462046BDE87040FFF79FBF0C4E42
:107C800083F82910C1EBC10306EB830696ED040AC5
:107C9000FFF7CAFF204696ED050AFFF7B1FF40F255
:107CA000034003F013FAE4E770BD00BFF8080020BA
:107CB000C03B010808B50F4B00EB400203EB82020A
:107CC00082F8281099B90FE093F828200C331AB1E4
:107CD0000846FFF787FF02E001310429F4D1BDE82F
:107CE0000840022003F0F2B9FF221A77ECE7187778
:107CF000F5E700BFF8080020F0B5044687B030BBB8
:107D00005E4D5F4E95F82830DBB1002195F82900D3
:107D100002F09EFD024620460592FFF73DFF034616
:107D2000286B0493F8F73CFCCDE90201E86AF8F708
:107D300037FCDDE90432CDE9000121463046FDF78C
:107D40004DFF0134042C05F10C05DBD193E00E4608
:107D50004C49306800F06CFC80B9012C0EDD4A49BA
:107D6000706800F065FC00287ED1044620460021A2
:107D70000134FFF79FFF042CF8D17CE0306800F05D
:107D800087FB0328054666D8012C12D13B4B00EB3C
:107D9000400203EB8203002193F8290002F058FD12
:107DA00004902846FFF7F8FE29460346049A374810
:107DB00055E03549706800F03BFC08B901461AE00F
:107DC0003349706800F034FC071E1ADB022C07DC14
:107DD0002A4B05EB450203EB820393F82A2005E0CA
:107DE000B06800F055FB0128024634D839462846D1
:107DF000FFF72EFF0121284607B0BDE8F040FFF74E
:107E000059BF2449706800F013FC031E07DB1B4AAE
:107E100005EB450502EB850282F82B302BE0022CA6
:107E200029DD1D49706800F003FC10B1012809D05C
:107E300011E0B06800F06CFB284607B0BDE8F040E8
:107E4000FFF7DEBEB06800F063FB284607B0BDE870
:107E5000F040FFF7E9BE104B0E4A0D490F4807B03E
:107E6000BDE8F040FDF7BABE306800F011FB032812
:107E700005469ED9EFE707B0F0BD00BFF808002027
:107E8000BC280108D0280108D4280108D8280108F6
:107E90000C2E01081C2D0108C82D0108E42801083A
:107EA000084B263003EB8003D3ED017AF4EE407AE1
:107EB000F1EE10FA04D0202083ED010A03F006B998
:107EC000704700BFF808002070B5041E1ADD0E468A
:107ED0001749306800F0ACFB431C054604D13068FC
:107EE00000F016FB002504E0022C0CD1306800F0F5
:107EF0000FFBDFED107A284620EE270ABDE8704020
:107F0000FFF7CEBF00250C48DFED0C7A00EB8505AE
:107F100095ED277A67EE277A17EE900AF8F740FB7F
:107F2000BDE8704002460B460548FDF757BE00BF4E
:107F3000042D0108CCBC8C2BF8080020A5D4685374
:107F4000C8280108094A92F91C30591C0AD003EBD1
:107F5000430302EB830393F82A3002EB830292ED92
:107F6000270A70479FED020A704700BFF8080020FB
:107F700000000000064BD3ED2A7AF4EE407AF1EED1
:107F800010FA04D0202083ED2A0A03F09FB870472E
:107F9000F8080020012810B50BD0094BD3F8A80031
:107FA000F8F7FEFABDE8104002460B460548FDF71B
:107FB00015BE086800F0ACFABDE81040FFF7DABF64
:107FC000F8080020C828010838B50E4BD3F83C311A
:107FD0001B681B78042B0ED115460C460E21FDF7AD
:107FE000A3FB29462046FDF79FFBBDE83840064825
:107FF0000621FDF799BB054A137823F0400313705F
:1080000038BD00BF840700203C290108A8030020D8
:10801000024B014602481966FAF7F0B8080300203F
:108020006C050020012808B506D0094B0948196ED7
:10803000BDE80840FDF7D2BD086800F043FAB0F58E
:10804000967FBDE8084038BF4FF49670FFF7E0BF59
:10805000080300204429010810B50F4B0F4C1B7872
:10806000042B00D008E0A38A0D485B0702D5F9F77E
:10807000C5FC01E0F9F7CEFC0A48F9F7ADFA0A4869
:10808000F9F7AAFAA08A0649084A094B10F0040F2A
:1080900008BF0B46136010BD3C06002008030020FB
:1080A00084070020940500207405002080580020DB
:1080B0006C05002010B50C4C00232360FDF7A0FDDB
:1080C00040B103891B0705D5084A43681088084951
:1080D00001389847074A084B918A084A11F0040F63
:1080E00008BF1346236010BD805800207C58002034
:1080F00028580020080300206C0500208407002079
:108100002DE9804887B0F9F7ADF8F8F7CBFDB04A14
:10811000B04C5369B04EDFF824B3DFF8248343F04A
:108120000103536108F07EFD08F082FC08F0EEFCCC
:10813000DFF810C3DFEDA97A9FEDA97ABCE80F0044
:1081400004F128070FC7BCE80F000FC79CE80F0019
:1081500087E80F000FCE04F158050FC50FCE0FC5ED
:108160000FCE0FC596E80F0085E80F009D4BC4EDBC
:10817000277A4CF250394FF48C4AC4ED287AC4ED7A
:10818000297AC4ED2A7A84ED2B7A84ED2C7AC4F80E
:1081900000B0A4F898A0C4F80490A361A3F1B07350
:1081A000E36103F1B073FF334FF0000E2362C4E9C3
:1081B000048EC4F80C90C4F80880A4F824E008F0F9
:1081C00069F9894F00B129E0BB8A5D0626D5874E43
:1081D000356D25B3C5F3834006280CD808F0EEF9B9
:1081E00048B9C5F308036383736D6360B26DF36DC3
:1081F0006361A26002E0002008F0E0F9C5F3466286
:108200007A777A4BC5F382523A771B6EC5F34820D2
:1082100043F04003BB82FEF7A5FA02E0002008F01D
:10822000CDF9FFF7CBF894F82100DFF8DC91704E20
:10823000DFF814A2DFF8148202F08CFF08F040FB94
:1082400000F02EFDB86800F0CDFA6A4B6A48C3E929
:108250000033F9F795FB69496748F9F7B5FB002446
:108260003B6E6748029302A9CDE903440594F9F7F0
:1082700003FB386EFFF7CCFE4FF0904501220C2136
:108280004FF0904008F028FD4FF08053AB6142F270
:108290001070F8F765FF5B495B48F9F79BFC40F20B
:1082A000027228460C2108F017FDFFF7D5FE07F0F3
:1082B000CBFD00F021FD44F62060F8F751FFC0210E
:1082C0005248534D08F038FC204607F07DFF5148D6
:1082D00008F0E8FA504B514800947F224FF4A56112
:1082E000F8F702FFBB8A580707D499F80030042B2F
:1082F00003D04B48F8F734FFF4E74A48DFF850B1B1
:10830000FDF76CFC5046FDF769FC002426E09DF863
:108310000830082B01D07F2B07D1FCB10421404647
:10832000013CFDF701FAA4B218E00D2B09D1584623
:10833000FDF754FC00232E483355FDF761FCD0B9FE
:1083400088E01F2B0AD93E2C08D8012102A8FDF78E
:10835000EBF99DF808203255631C9CB2286803682D
:1083600001225B6802A998470028D0D144F620601A
:10837000F8F7F6FE75E0038959070CD52A4A92F9F9
:108380000020002A07DA9A071AD5284A137843F002
:108390000403137014E013F0020F1CBF23490A7882
:1083A00003F001031CBF42F004020A7043B1204AEB
:1083B0004368104813604FF0FF31F8F7DDFE50E0DE
:1083C0001C4A436810881C490138984749E000BF9F
:1083D00000100240F808002064300108000000008E
:1083E0000000484200005F01080300200028004010
:1083F0003C58002084580020840700204C220108AB
:108400006C050020542201083C060020A4560020E0
:10841000805800204128AA00E96B000890580020ED
:10842000A086010058290108A8030020037B002032
:10843000385800207C58002028580020544E4F43C4
:1084400000E9A435A43001086C290108B02C01080A
:1084500040290108084B19680B7813B10748FDF74C
:10846000BDFBBB8A5B073FF54DAF99F80030042B8D
:108470007FF43FAF46E700BF24580020742901086D
:10848000FEE700BF08B5EFF30980FFF7F9FF00BF73
:1084900010B503782D2B04BF01300121037818BFDC
:1084A00000212B2B08BF013000230A2410F8012BD8
:1084B000303A092A02D804FB0323F7E701B15B42F3
:1084C000184610BD03782B2B08BF01300378302BE2
:1084D0000DD143786F2B05D0782B05D0622B06D1B8
:1084E000022202E0082200E01022023000E00A220C
:1084F000002110F8013B303B102B84BF23F02003F8
:10850000073B934202D202FB0131F2E70846704773
:1085100038B503782D2B044665D10125013420465A
:10852000FFF7B6FF00EE100A204614F8013BA3F156
:108530003002092AF8D903F0FD032C2BB8EEC00A4B
:1085400014D1DFED2C6A2246B7EE007A104612F8FD
:10855000013B303BD9B2092908D807EE903A27EE03
:10856000267AF8EEE77AA7EE870AEFE70378B3B347
:1085700003F0DF02452A05D10130FFF789FF00280B
:1085800016DC1CE0472B0ED04D2B0ED06B2B0ED0E3
:108590006D2B16D0752B17D06E2B18D0702B1ED1CB
:1085A0006FF00B0015E0092002E0062000E0032038
:1085B000F2EE047A013820EE270AFBD10FE008D151
:1085C0000DE06FF0020004E06FF0050001E06FF0D5
:1085D0000800DFED087A013020EE270AFBD13DB11B
:1085E000B1EE400A04E02B2B4FF0000597D195E740
:1085F00038BD00BFCDCCCC3D10B50138013910F8E5
:10860000012FA2F14103192B11F8013F98BF20322D
:10861000A3F1410498BFD2B2192C9CBF2033DBB226
:10862000934203D1002BEAD1012000E0002010BDCD
:1086300070B502460020551E0B7815F8016F7C2B93
:1086400008BF00239E420C4601F1010101D156B141
:10865000F2E714F8013B23B17C2B2146F9D101301C
:10866000E9E74FF0FF3070BD2DE9F0430023DFF85C
:108670005480DFF854E099460478FCB1202C1BD0DC
:10868000092C19D0222C06BF01307546454693426D
:10869000B8BF41F8230001339BB20446204614F8CA
:1086A000017B5FB16E1E16F801CFBCF1000FF5D053
:1086B000BC45F8D180F800900130DDE71846BDE8F0
:1086C000F08300BF4A310108483101080238002315
:1086D0008B4205DA30F8022F52BA02800133F7E7F5
:1086E000704700002DE9F043064600204FF0FF34AC
:1086F0000346934231DAA2EB030EBEF1800FA8BF0E
:108700004FF0800E16F8038003F1010C77463344D6
:10871000AEEB0705013F03D013F8019FC145F7D029
:10872000631C01D0012D02DD0446013000E000256C
:1087300001F80080471C2DB1AC446D420D554FF03F
:10874000FF3407E03B1B023BDBB27F2B0B5528BFFE
:108750004FF0FF3438466346CBE7BDE8F0830000B6
:108760007047000002680B68F0B4EAB1B3FBF2F4A2
:10877000B4F5801F18D202FB14332BB3B2FBF3FC09
:108780000CFB04F50135B5F5801F4FF001071CD235
:1087900000261DE0B3FBF2FC05FB0C44B4F5801F82
:1087A00002FB1C3305D301E00026012506600D60A5
:1087B00015E006FB0C7743B1B2FBF3FC0CFB045550
:1087C000B5F5801F04D300E0012707600C6006E0C8
:1087D00003FB1C220CFB0766002ADBD1E6E7F0BC9A
:1087E000704700BF10B50549054A002304460B70C9
:1087F000136000F0B5FA034B9C6010BDC75D00200C
:10880000C85D0020080300200A460146602008F0E9
:1088100063B800BF00B585B0A1F500718DF8040004
:108820004FEA133CC1F301404FEA132E8DF8063096
:108830008DF80700C2F30343080A2CF00F0C4CEA32
:10884000030C8DF80800130A8DF8091001A80921FE
:108850008DF805E08DF80AC08DF80B308DF80C20EE
:10886000FFF7D2FF05B05DF804FB00BF70B51249F9
:1088700082B0496E069CDB0101FB04F4002643EA4A
:10888000526105463346D0012246F8F73FF801A968
:10889000CDE9002404466846FFF764FFDDE90023C4
:1088A0009A4202D10096013432462146E8B2FFF7DF
:1088B000B1FF02B070BD00BF0803002070B584B0E6
:1088C0001446089A8DF8063005461001204A9DF896
:1088D0002460525D8DF80420B1F500714FEA133227
:1088E0004FEA132308BF40F00C008DF80530C1F3A8
:1088F0000143184322F00F028DF80910C4F303431B
:10890000090A13438DF807008DF80810220A09217F
:1089100001A88DF80C408DF80A308DF80B20FFF778
:1089200073FF14B146F00C0601E046F04C06094C0A
:10893000635DB3420AD005F11003022168468DF849
:1089400000308DF80160FFF75FFF665504B070BD21
:1089500018330108C45D00202DE9F04184B0DDE941
:108960000A450646C5F10700A0F1200102FA01F10F
:1089700083400B43C0F1200122FA01F1002702FAE3
:1089800000F0194322463B46F7F7C0FF03A9CDE9A3
:108990000224044602A89DF83080FFF7E3FEDDE9DB
:1089A00002239A4202D1029701343A46CDE9005897
:1089B00021463046FFF782FF04B0BDE8F08100BFDA
:1089C00009490A4AA0F1B773A3F558538B4288BFEF
:1089D00010460749074A10B40023074C0B70606625
:1089E00013605DF8044B704700093D0080BA8C01AC
:1089F000C75D0020C85D002008030020024A034B29
:108A000052F820201A6070470C330108C05D002026
:108A1000094B0A4A30B45D6814680146002290B2DE
:108A200000EB4003013254F82330132B98BF6B4303
:108A30008B42F4D330BC704708030020C05D002097
:108A40002DE9F04F04468DB0002800F00781DFF8D3
:108A50002892DFF82882D9F80830D8F800B0C31877
:108A60000693DBF80C30834209D87F4B98420D46C1
:108A70000AD9FFF7CDFF0023C6B2049307E007230E
:108A800004930126002502E0042304930226774B79
:108A90001A78AA4208D0764FDFF8E4A11D700023AF
:108AA0003B70CAF8003008E0DFF8D4A1DAF80030F3
:108AB000A34200F0D4806E4F3B789E4206D106EB75
:108AC00046030BEB83009B00079315E003EB430386
:108AD0000BEB83031A8906EB46030BEB83009B0029
:108AE000079303899A4207D0417A007A00F024F96B
:108AF000D8F80000079B184490F806B0032D0BF03F
:108B00000F0305934FEA1B1B05D9C37903F00F052B
:108B10001B09089300E008950379012B03D0022B71
:108B20003FD0002084E03A7890F80580B24219D016
:108B300000224FEAC8111A200793FFF76BFE079B2C
:108B4000002222204FF48051FFF764FE4949D9F8F2
:108B500064200023CDE9001320215201029102205C
:108B6000FFF7FAFE089B0293069B0093049B019378
:108B7000D9F8643008FB0BF2A3FB02230020FFF7B7
:108B8000EBFE049B059A02950193D9F8643000949A
:108B900008FB02F80120A3FB0823FFF7DDFE0A20F3
:108BA00046E04379069ACDF800B009931A20A3FB5A
:108BB0000223FFF75BFE099B059A0092A3FB04B911
:108BC0005A464B462220FFF751FE3B78D8F800204A
:108BD000079903EB4303114402EB8302497953796C
:108BE0008B4216D0099B089A0192D9010022049B5E
:108BF0000093104601230691FFF760FE049B00934B
:108C000045F0200501230699019500221846FFF73B
:108C100055FE18490598049B019301FB00F02021A3
:108C200000905A4602204B460291FFF795FE0C2019
:108C30003B78B3420FD04FF4C870F8F791FAB123E4
:108C40008DF82C300BA8AC2302218DF82D30FFF7C6
:108C5000DBFD3E70C820CAF8004001E000E00A20B9
:108C60000DB0BDE8F08F00BF40420F00CC5D00208A
:108C7000C75D002000127A0008030020C05D0020BC
:108C8000C85D0020044B1B788342014603D0034B90
:108C90001868FFF7D5BE7047CC5D0020C85D002086
:108CA00038B50B4B02245D1C21462846FFF7ACFD6E
:108CB0002B192C5D002CF6D1064B93F86C00FFF7B6
:108CC0009DFE21460448BDE83840FFF7B9BE00BF0D
:108CD0001C3301080803002080BA8C0138B5044613
:108CE00000EB4105022221461820144407F0F4FD50
:108CF000A542F7D138BD00BF08B505481B21FFF7D5
:108D0000EDFFBDE8084003480421FFF7E7BF00BFBF
:108D10002C3301087433010810B40549054C0522B1
:108D2000002818BF21465DF8044B182007F0D4BD79
:108D30006C3301086433010800B583B00B464FF073
:108D40003B0C8DF80500032201A918208DF804C002
:108D50008DF8063007F0C0FD03B05DF804FB00BFDE
:108D600030B507EE900A2DED048BB8EEE79ADFEDF3
:108D7000187A184CDFED188A29EE279AB6EE008A89
:108D800029EE088A83B004F1C005B0EE480A01A9B3
:108D9000684608F025F99DED007ADDED017A27EEB1
:108DA000287A67EEA87ABDEEC77AFDEEE77A17EE6D
:108DB000103A238017EE903A043424F8023CAC4277
:108DC00038EE098AE1D103B0BDEC048B30BD00BFA1
:108DD0003EC3AE36F05D00200078FF462DE9F04F2F
:108DE00087B0214B03934B080593031F0293DFF8D1
:108DF0007CB0DFF87CA0DFF87C90DFF87C8000237B
:108E00000193019A0398D9F80050D9F80440DBE99E
:108E100000130132019250F8042B03908E46D8E9DA
:108E20000001049102999C4651F8043F0291C3FB52
:108E3000A2ECC3FB8254DAE90076C3FBB276049954
:108E4000C3FB9201059B019AC8F800009342CBE94D
:108E500000ECCAE90076C9E90054C8F80410D0D87B
:108E600007B0BDE8F08F00BFF05D0020E85D002096
:108E7000E05D0020D85D0020D05D002010B51E4BC5
:108E80002DED048B0446D3E90001F7F701FD07EE51
:108E9000900AF7EE008AC8EEA79A184BD3E90001B2
:108EA000F7F7F6FC164B08EE100AD3E90001F7F7C6
:108EB000EFFC144B07EE900AD3E9000127EEA99AC4
:108EC000F7F7E6FC07EE900A28EE298A67EEA97A02
:108ED000B0EE497AA8EE277AE8EE088AE8EE497AF9
:108EE000C7EE286A87EEA87ABDEC048BC4ED006A51
:108EF00084ED017A10BD00BFD05D0020D85D002058
:108F0000E05D0020E85D002030B40848084D094CC1
:108F1000094900220023C5E90023C4E90023C0E970
:108F2000002330BCC1E90023704700BFE85D00208A
:108F3000D85D0020D05D0020E05D002001FB01F342
:108F400000FB003345F6D822934254DC45F6A812C4
:108F5000934252DC002950D00029B8BF49429822E0
:108F6000002802FB01F14FF4987202DA02FB103282
:108F70002EE04B2802DC02FB103217E0C1F5B54CA5
:108F800002FB10320CF10C0C9444BCF1980F34D954
:108F90004FF0E40C0CFB103C0CF5355C0CF1060CAE
:108FA000BCF1000F27DBBCF14C0F26DD45F6D82CB9
:108FB000ACEB410C9444BCF5987F1ED94FF0980C53
:108FC0000CFB103C1CF14C0C15D4BCF1980F14DDBB
:108FD00045F6703CACEB81010A44B2F5187F0CD920
:108FE0004C2202FB1030A0F532502E38E4288CBF02
:108FF000002001207047002070470120704700BF0B
:10900000F0B5D042059C39D4CB1837D4202BA8BF5B
:109010002023002904DAD51DED0801FB15440021A9
:1090200099422BDA164D174E2F6800EB411100EBD9
:10903000431307EB410507EB430700211CE0A4465F
:1090400013F0070F04BF1CF8011B64464FEA410CE4
:1090500011F0800F00EB030E5FFA8CF106D0BEF129
:109060001F0F9CBFB6F800C025F813C00133934210
:10907000E5D14035BD4201D00023E0E7F0BD00BF9F
:10908000B05E00200E7B00204009520990424FEA5A
:1090900051114FEA53130BD199420DD1184A0123B4
:1090A00032F811C0834043EA0C0322F811307047B4
:1090B00002D8944602466046801A01304FF0010CF7
:1090C0000CFA00FC0CF1FF3C994200B50CFA02FCD2
:1090D0000BD80DE0028801311FFA81FE42EA0C0232
:1090E0009E4520F8022BF5D908E00A46194613469A
:1090F00003481FFA8CFC00EB4100EBE75DF804FB32
:10910000C45E00202DE9F047DFF884E0BEF800C01F
:10911000164630F821204FEA4C0C1FFA8CFCB24264
:109120000C4605461F46AEF800C04FEA810900EB29
:10913000810803D1B8F80230BB4203D04CF0010CD7
:10914000AEF800C01CF0030FDFF848A000D114E017
:1091500004B912E0B8F80230BAF80210BAF8000008
:10916000A9F10409FFF790FF05EB090335F80900A1
:10917000598832463B46FFF787FF55F82430CAF836
:10918000003025F82460A8F80270BDE8F08700BF21
:10919000B65E0020C05E0020121A00B502F1010E7A
:1091A000012202FA0EF2013A994202FA00FC0FDCA7
:1091B000084A581C02EB4103092901F1010103DCB3
:1091C0001A884CEA02021A80814203F10203F3D1A9
:1091D0005DF804FBC45E002091ED000A704700BFFB
:1091E00091ED010A704700BFD1ED006A91ED017A5F
:1091F000F7EE007A77EEE67A27EE077ADFED076A78
:10920000A7EEA77A67EEA67ADFED056A87EE870AF2
:1092100030EE660AB0EEC00A704700BF0000C842D8
:109220000000484209494B8BD1E90112013B00FB88
:1092300003F307EE903A531A00EE103AFAEEEB7A87
:10924000B8EE400A87EE800A704700BFF808002099
:1092500008B5FFF7E7FF074B9FED077A93F89930C2
:1092600007EE903AF8EEE77A67EE877A27EE800A03
:1092700008BD00BFF808002092FAB6498842D4BF62
:1092800000200120704700BF8842ACBF00200120B1
:10929000704700BF30EE000A002370EE007A21EE26
:1092A000671AA0EEA01AB5EEC01AF1EE10FA02D5B8
:1092B000436003607047B1EEC11A31EE607AF1EE9F
:1092C000600AC7EE007A70EEC10AC0ED007AC0EE07
:1092D000807AC0ED017A7047B4EEE00AF1EE10FA40
:1092E000CCBF012000207047B4EEE00AF1EE10FA86
:1092F0004CBF012000207047084B00F25F1203EBC7
:10930000C20203EBC00303F6FC2393ED000AD2ED87
:10931000007A20EE000AA7EEA70A7047AC400020B2
:10932000074B03EBC00200F25F1002F6FC2203EBD6
:10933000C00092ED000AD0ED007A80EE270A704757
:10934000AC400020024B03EBC00090ED010A7047D7
:10935000AC40002010B51B4C638BB0F1000C03F146
:10936000FF3318BF4FF0010C181A18BF0120CCEBC7
:109370004C7201EBC20201EBC001D2ED006AD2EDEA
:10938000017A91ED010A91ED007A60EE270A6044BE
:1093900020EE660A93FBF0F0D4E90123E7EE260AFB
:1093A0009B1AB3FBF0F4A7EE270A07F025FF9FED09
:1093B000067A07EE904A20EE070AF8EE677A80EE0A
:1093C000270A10BDF8080020610B363BD1ED000ADA
:1093D00091ED010A07F010BF08B580B2FDF702FA5F
:1093E00007EE900A9FED030AF8EE677A27EE800AEF
:1093F00008BD00BFDB0FC94008B5FDF7F3F907EE64
:10940000900AB8EE670ADFED037A20EE270AB1EE84
:10941000C00A08BD5F7089302DE9F0472DED048B3F
:109420000488DFF8F09082B006462046B0EE409AFD
:109430000F46154698468847B4EEC90AF1EE10FA71
:10944000F0EE408ACCBF4FF0010A4FF0000AF0EE78
:10945000409AB9F81A30A34217D92046B847B4EE5B
:10946000C09AF1EE10FA4CBF012300235345B0EE31
:10947000408A06D12C44F0EE698AA4B2F0EE409AFC
:10948000E7E7B9F81A30A34202D89FED210A3AE083
:10949000641BA4B2404634802146FDF76DFF38EED0
:1094A000887A78EE680AF6EE007AB0EE690A97EEEE
:1094B000270A684639EEC91A60EEA70AFFF7EAFEE6
:1094C000DDED008AF5EEC08AF1EE10FA06DDF7EE6A
:1094D000007AF4EEE78AF1EE10FA01D4DDED018AAC
:1094E0000135204608BFF1EE688AFDF77BF908EEEA
:1094F000100AFDF73BFF07EE900AB8EE480AF8EEB7
:10950000677AA7EEA80A02B0BDEC048BBDE8F0872D
:1095100000000000F80800200CB400B501F10B02B7
:109520002A2A85B00DD81F280BDC0B460849039367
:10953000CDE9011007AA0699009201A8F9F782F96E
:1095400000E0002005B05DF804EB02B0704700BFFA
:1095500050380108F0B52DED028B414C414A85B0E1
:1095600005460F46FFF7D8FFD4ED017AF5EE407AB5
:10957000F1EE10FA0BD017EE900AF7F711F80C374E
:10958000CDE90001384A39462846FFF7C5FF94ED7A
:10959000058AB5EE408AF1EE10FA07F10C0611D0FB
:1095A000324B1868F6F7FCFFCDE9020118EE100AFD
:1095B000F6F7F6FF2E4ACDE9000131462846FFF7BF
:1095C000ABFF17E0D4ED027AF5EE407AF1EE10FA37
:1095D0000FD0284B17EE900A93F899300293F6F7C4
:1095E000DFFF254ACDE9000131462846FFF794FF09
:1095F00000E03E462068F6F7D3FFCDE9020120697E
:10960000F6F7CEFF06F10C07CDE900011B4A3946FB
:109610002846FFF781FF94ED028AB5EE408AF1EE0D
:1096200010FA18D02068F6F7BBFF9FED157AD4ED3D
:10963000047A67EE877ACDE90201C7EE887A183698
:1096400017EE900AF6F7ACFF0E4ACDE9000131465D
:109650002846FFF761FF05B0BDEC028BF0BD00BFEF
:10966000D85E00207C33010886330108585F002053
:109670008F330108F8080020AA330108C13301081C
:109680000000C842D7330108F7B516461A4605460A
:109690000C46FFF741FFD6ED007AF5EE407AF1EE89
:1096A00010FA0CD017EE900AF6F77AFF04F10C07C7
:1096B000CDE900011C4A39462846FFF72DFFD6EDBB
:1096C000017AF5EE407AF1EE10FA0CD017EE900A1E
:1096D000F6F766FF04F11807CDE90001124A394692
:1096E0002846FFF719FFD6ED047AF5EE407AF1EE41
:1096F00010FA17D017EE900AF6F752FF04F124077C
:10970000CDE90001094A39462846FFF705FF70698F
:10971000F6F746FF3034CDE90001054A21462846D8
:10972000FFF7FAFE03B0F0BD843F0108F1330108F2
:10973000FA330108F0B52DED028B5B4C5B4A85B026
:1097400005460F46FFF7E8FED4ED017A9FED587A03
:10975000F4EEC77AF1EE10FA00F1A28094ED0E8AD1
:1097600017EE900AF6F71CFFB5EE408AF1EE10FAFC
:10977000CDE9020107F10C0631D018EE100AF6F718
:109780000FFF4C4ACDE9000131462846FFF7C4FEE1
:10979000E06BF6F705FF07F11806CDE90001464A30
:1097A000032331462846FFF7B7FE206CF6F7F8FE94
:1097B00007F12406CDE900013F4A06233146284639
:1097C000FFF7AAFE606CF6F7EBFE07F13006CDE975
:1097D00000013A4A31462846FFF79EFE09E020681C
:1097E000F6F7DEFE334ACDE9000131462846FFF7A1
:1097F00093FED4ED027AF5EE407AF1EE10FA06D13E
:10980000D4ED087AF5EE407AF1EE10FA48D02C4A01
:10981000032306F118012846FFF77EFE284A062397
:1098200006F124012846FFF777FE264A06F13001AB
:109830002846FFF771FED4ED087AF5EE407AF1EE96
:1098400010FA06F10C0705F12A000FD0D4ED0E7ABC
:109850001D4A1E4BF5EE407AF1EE10FA18BF134682
:1098600039461B4AFFF710FF05F17E00D4ED027A5E
:10987000F5EE407AF1EE10FA12D0D4ED0E7A154AD8
:10988000154BF5EE407AF1EE10FA18BF1346134A65
:10989000394605B0BDEC028BBDE8F040FFF7F4BEE1
:1098A00005B0BDEC028BF0BDD85E00202934010864
:1098B000000048C234340108453401085834010816
:1098C0005E34010866340108033401080C340108D1
:1098D000F85E00201634010820340108E05E002004
:1098E000F0B5294C87B022680F460546FFF714FEF5
:1098F000636807F10C064BB9A36873BB234A314672
:10990000284607B0BDE8F040FFF706BE204A3146C2
:109910002846FFF701FEE069F6F742FECDE90401B3
:109920006069F6F73DFECDE902012069F6F738FEE1
:1099300007F11806CDE90001164A31462846FFF71F
:10994000EBFD206AF6F72CFE07F12406CDE90001B5
:10995000114A31462846FFF7DFFDA36893B1E2685C
:10996000009206F10C010D4A2846FFF7D5FDA069CB
:10997000F6F716FE1836CDE90001094A31462846A9
:10998000FFF7CAFD07B0F0BDD85E00206C340108B7
:10999000763401087E340108953401089C340108AE
:1099A000AB3401082DE9F04FDFF89CC12DED028B9F
:1099B0001D4602EB42030CEB830389B093F8294068
:1099C0001D2C00F2B58093F82A805C4BDFF87C9167
:1099D0000F4640F6F82101FB0838149B0133064678
:1099E0004FEA420B08EBC5010BD0C4EBC40309EBF3
:1099F00083034FEAC40A98690690002840F08380E8
:109A00002BE0C4EBC40E09EB8E0E4FEAC40ADEF85D
:109A10001830002B40F085801FE00793149B2846E8
:109A200008EBC301069B9847079B07EE903A77EE39
:109A3000C07A17EE903AAAEB040409EB84091846A1
:109A4000D9F80C300293F6F7ABFD5A46CDE9000188
:109A500039463046FFF760FD6AE0032C47D15A448F
:109A60000CEB820C9CF82B80B8F10C0F60D8344AB8
:109A7000079102EB0812D2E9023952680692284691
:109A800098470799284610EE104AC84741F25053AC
:109A900043FA08F313F00103069AB0EE408A13D09C
:109AA0002846FFF799FCB5EEC08AF1EE10FA069A47
:109AB00007D528EE000AFFEE007A87EE808A46235B
:109AC00002E088EE008A48230692049318EE100AFA
:109AD000F6F766FDCDE902012046F6F761FD069A2C
:109AE000CDE9000139463046FFF716FD20E0284653
:109AF000FFF772FB10EE104AFFF772FB114AB0EE4F
:109B0000408A0023E0E7D3F808B0069B2846984730
:109B100010EE103A23F00042B2F1FF4F7FF47DAF18
:109B200089E72846DEF804B0984710EE103A82E73D
:109B300009B0BDEC028BBDE8F08F00BFAC40002047
:109B4000683A0108B4340108F8080020C03B010855
:109B50002DE9F0432DED028B83B0DFF8A880DFF80C
:109B6000A890ADF80610B0EE408A044616460746A7
:109B70000025B8EC010A38EE400A25B9721C0CBF6A
:109B80000123022301E04FF0FF33324649460DF135
:109B90000600FFF741FC0135042DA7EC010AE8D1CE
:109BA000D4ED027AF5EE407A0023F1EE10FA63610B
:109BB00023611ED094ED030AB5EE400AF1EE10FACF
:109BC00017D007F0B5FAB0EE408A94ED020A07F01C
:109BD000AFFA9FED0A7A38EE400AB0EEC00AC7EE3F
:109BE000007A9FED077AC4ED047AC7EE007AC4EDDF
:109BF000057A03B0BDEC028BBDE8F083F234B841C6
:109C00009ECEDD406038010865A3000838B51A4BC8
:109C1000002103F130041D461A4692F828000C3248
:109C200000B10131A242F8D11448002493F8582021
:109C3000083302B101348342F8D18C42B8BF0C46DC
:109C4000FEF780F9D5ED2A7AB5EE400AF1EE10FA6A
:109C5000F5EE407A14BF02230023F1EE10FA18BF8C
:109C60000233022BACBFE118A11C4B1C5B1003EBB1
:109C7000830003EB400038BDF808002038090020BD
:109C80002DE9F043DFF878901A4A85B080460C46FB
:109C9000FFF742FC99F848301BB1174F4D4600269C
:109CA00008E0164A04F10C01404605B0BDE8F04357
:109CB000FFF732BC99F848309E4205F10C0515DAE1
:109CC00055F8040CF6F76CFCCDE9020155F8080CC8
:109CD000F6F766FCCDE900010C3455F80C3C3A4629
:109CE00021464046FFF718FC0136E3E705B0BDE822
:109CF000F08300BFBB340108C93401086C3401088B
:109D0000D85E0020B4EE400AF1EE10FA2CD6B5EE83
:109D1000400AF1EE10FA27D0B5EEC00AF1EE10FAC3
:109D200044BFBFEE007A87EE000A30B585B04CBF65
:109D30004623482315460C46029307EE900A9FEDF2
:109D40000B7AF8EE677A67EE877AC0EE277A17EE1D
:109D5000900AF6F725FC064ACDE90001294620467F
:109D6000FFF7DAFB05B030BD704700BFDB0FC9401D
:109D7000D73401082DE9F3472B4E054670680C4691
:109D8000F6F70EFC294ACDE90001214628460C349D
:109D9000FFF7C2FB1F2C44DCB6F93830002B01DA88
:109DA000234A01E007D1234A2146284602B0BDE8F4
:109DB000F047FFF7B1BB204A2146284605F1460A85
:109DC000FFF7AAFB05F18C091C4A21465046FFF714
:109DD000A3FB1B4A21464846FFF79EFB37464FF040
:109DE0000008B6F9383043451BDD0C341F2C18DC55
:109DF00097ED020A306822462946FFF783FF97ED68
:109E0000030A306822465146FFF77CFF97ED040AAB
:109E1000306822464946FFF775FF08F101080C3704
:109E2000DFE702B0BDE8F087D85E0020DF3401082C
:109E300000350108153501082A35010834350108B7
:109E40003B3501082DE9F047294BDFF8ACA00D4662
:109E500028492DED028B07460020002A14BF8846B2
:109E60009846A8470126F0EE408A0024BAF81A3036
:109E70009E4210DA1FFA86F94846A847F0EE680AB3
:109E8000B0EE408AC047002818BFF0EE488A18BFDD
:109E90004C460136EAE724B3013B9C4221DA601EBE
:109EA00080B23C80A847601C80B2B0EE408AA847D0
:109EB000B4EE408AF1EE10FA13D0F0EE487AB0EE2C
:109EC000007AE8EEC77A30EE488A30EE270AF2EEE2
:109ED000007A28EE088A20EE270AC8EE007A78EE8B
:109EE000E78AB0EE680ABDEC028BBDE8F08700BFE0
:109EF000E9920008D9920008F808002037B52F49E8
:109F00002F4C002501220DF10600ADF80650FFF799
:109F100099FFDFED2C7A84ED010AB4EEE70AF1EE49
:109F200010FA42DBBDF806102846FDF725FABDF809
:109F30000600FCF757FC07EE900A2046F8EE677A19
:109F4000BDF8061094ED010AC4ED007A20304FF000
:109F5000FF32FFF7FDFDBDF8061094ED010A012266
:109F600004F10800FFF7F4FD94ED027AD4ED086ADD
:109F700067EE267AF5EE407AF1EE10FAC4ED0E7A2D
:109F800013D0F1EEE77A37EE667A94ED096AD4EDF4
:109F9000036A84ED0F7A76EEC66AC4ED0E7AC4EDDC
:109FA000106AC7EE876AC4ED116A062307220221F0
:109FB0000020FFF7F1F803B030BD00BF65A3000833
:109FC000D85E0020000048C270B52DED028B404CD9
:109FD000404B4149236082B00026012201A8ADF820
:109FE0000460FFF72FFFBDF8041000296BD0B1EE1D
:109FF000C07AB7EE008AC8EE076A384DD5ED1A7AF6
:10A0000036EEC87A77EEA77A67EE877AF5EEC07AF1
:10A01000F1EE10FAC4ED077A55D43046FDF7ACF9ED
:10A02000BDF80430ADF80630B0EE480A2C490123E3
:10A030004FF0FF320DF10600FFF7EEF9B5EE400AE2
:10A04000F1EE10FAB0EE408A3DD0BDF80430ADF824
:10A050000630234902230122BFEE000A0DF106005B
:10A06000FFF7DAF9B5EE400AF1EE10FA2BD0D4ED95
:10A07000076A95ED1A7AF0EE007AF0EE665AE7EE8E
:10A08000275A30EE486A28EE008AB1EEC88AFCEE04
:10A09000C87AC4ED017ADFED137A26EE275A68EE0E
:10A0A000277A85EE857A27EE888A67EE277A28EE6A
:10A0B000258A84ED047AC6EE085A87EEA67AC4EDA6
:10A0C000055A84ED087A02B0BDEC028B70BD00BF6A
:10A0D000D85E002046350108F992000808030020E8
:10A0E00021930008DB0FC9402DE9F04F47681F2F6F
:10A0F00087B000F38580163901EB8103424C01EBF8
:10A1000043017A1C635C03F00703C3F10805EA42CC
:10A11000039503D5039B1F44476071E0826812F1E9
:10A120000C09F7D44FF0FF35183305FA03F3019308
:10A130007B1952D5C7F10103049300234FE05B0064
:10A14000A3F14005314B05971B68049FDFF8C0A0C1
:10A1500004902144C2F1010403EB821C214400233A
:10A16000DFF8B080029102F10A0B1E46284600E09B
:10A170002646F34506DD029A52F80E40019A24BAAB
:10A18000144000E00024BEF1000F04DA0EF1010ECD
:10A19000F1452CD131E0334323439A0842EA53027C
:10A1A000134371080FB1B940BB4000EB0C0211E042
:10A1B000002903DAB8F80050158004E0002BBCBF7A
:10A1C000BAF852501580023262454FEA43034FEA13
:10A1D0004101DBD0002BEBD1D8E70025049502F13B
:10A1E000FF3ECE4596DABEF11F0FA8DD92E7BEF125
:10A1F000200F0CF1400C3346BAD1DDE9040789E7A2
:10A20000002007B0BDE8F08F901D0108B05E00206F
:10A21000080300200E7B0020024B03EBC00090EDF2
:10A22000010A7047AC400020D1ED007A91ED017A2F
:10A23000F7EE006A77EEA67A27EE077ADFED076A77
:10A24000A7EEA77A67EEA67ADFED056A87EE870AA2
:10A2500030EE660AB0EEC00A704700BF0AD7233D51
:10A260000AD7A33C08B5FFF7DFFFF7EE007A87EEC9
:10A27000800A08BDD1ED017A91ED007ADFED066A22
:10A2800067EEA77AE7EE077A27EE267A87EE270AA7
:10A2900030EE660A704700BF0000C842D1ED017A77
:10A2A00091ED007AF7EE006A37EE267A27EEA70ADC
:10A2B000DFED046AA7EE070A67EEA67A87EE800A4A
:10A2C000704700BF0AD723BD08B5FFF7E7FFFFEED1
:10A2D000007A87EE800A08BD08B52DED028BFFF7E6
:10A2E000F3FFB0EE408AFFF777F888EE000ABDEC86
:10A2F000028B08BD08B52DED028BFFF7CFFFB0EE46
:10A30000408AFFF769F888EE000ABDEC028B08BDB1
:10A31000D1ED017A91ED007ADFED056A27EEA70A0B
:10A3200067EEA67AA7EE070A87EE800A704700BF9D
:10A330000000C8C291ED010AD1ED007A20EE000ABA
:10A34000A7EEA70A06F026BF054908B501EBC00134
:10A35000FFF7F0FFFEEE007A20EE270A08BD00BFEF
:10A36000AC400020034900F25F1301EBC301FFF78B
:10A37000E1BF00BFAC40002091ED010A91ED007AF1
:10A3800060EE007AF7EE000AE7EE077A30EE000A98
:10A3900070EEE70A06F030BF91ED017AD1ED007A58
:10A3A00067EE076AE7EEA76A77EEE67A87EE270A96
:10A3B000B0EEC00A704700BFD1ED017AD1ED006A5E
:10A3C0009FED0A0A67EEA77AB7EE007A37EE667A53
:10A3D000B0EE676AA6EEA66AE7EE077A87EE867A9F
:10A3E000B1EEC77A27EE000A704700BF0000C842EE
:10A3F000D1ED017AD1ED006A67EEA77AB7EE007A67
:10A4000037EE667AB0EE676AA6EEA66AE7EE077ADE
:10A41000B3EE090A86EE277AB1EEC77A27EE000A74
:10A42000704700BFD1ED017A91ED006A27EEA77A5F
:10A43000F7EE006AA6EE067A77EEA77A36EEC77ACE
:10A4400087EE870AB0EEC00A704700BFD1ED017AEF
:10A4500091ED006A9FED0B0A67EEA77AB7EE007ADE
:10A4600076EE076A37EE467AB0EE676AA6EEA66A1F
:10A47000E7EE077A86EE277AB1EEC77A27EE000A72
:10A48000704700BF0000484208B5FFF7DFFFF7EE56
:10A49000007A87EE800A08BD91ED010AD1ED007ABD
:10A4A00020EE000AA7EEA70AB1EEC00A704700BF6F
:10A4B00008B5FFF7F1FFDFED097AB4EEE70AF1EE38
:10A4C00010FA08DCF7EE007A30EE277A77EEC07AE1
:10A4D00087EE270A01E09FED020A08BDA4707D3FC8
:10A4E0000000807FD1ED017AD1ED006AB7EE007AED
:10A4F00037EE667A27EEA70AF3EE096AA7EE070A97
:10A5000067EEA67A87EE800A704700BFD1ED017A28
:10A51000D1ED006AB7EE007A37EE667A27EEA70A29
:10A52000DFED046AA7EE070A67EEA67A87EE800AD7
:10A53000704700BF0000C84237B5744C94F91D0045
:10A54000FDF792F8002800F0DF8094F91D30704A82
:10A55000DFED705A106004EBC3046F49B4F85A0081
:10A56000C2ED015A01EBC001FEF73EFEF6EE007AA5
:10A57000B4EEE70AF1EE10FAB0EE406A40F2B480B1
:10A58000FFF796FF9FED655AB4EEC50AF1EE10FA9B
:10A5900040F2AD80FFF7BAFF80EE067ADFED607A19
:10A5A000B4EEE77AF1EE10FAF0EE406A80F29F80A6
:10A5B00026EE055A0025B4EEE55AF1EE10FA0EDD4E
:10A5C000DFED587AB4EEE76AF1EE10FA07D5F1EE56
:10A5D000406A15619560C2ED036A01238AE026EEA8
:10A5E000065AB4EEE56AF0EE454AF1EE10FAE6EEF0
:10A5F000A64A76EEA63A06DA66EE257AF4EEE74A41
:10A60000F1EE10FA37DD24EEA51A63EEA50A35EE59
:10A61000C60A6846FEF73EFEDDED007A956036EE2E
:10A62000A77AB0EE453A27EEA74AA7EE073A55615A
:10A6300024EE074AC2ED047A84EE037AB4EEE56AAA
:10A6400037EE677ADDED017A82ED037A36EEA77A8E
:10A6500027EEA74AA7EE075A24EE074AF1EE10FAB2
:10A6600084EE057AC2ED077A37EE677A82ED067AD4
:10A670003FDA022100E00021E6EE654A2A4C01EBB8
:10A680004103B7EE000A6846B0EE641AF0EE630AC2
:10A6900004EB8304FEF7FEFD9DED007A9FED230A97
:10A6A00084ED017A76EE877A36EE656A27EEA77A30
:10A6B00067EE807AA6EE067AA56065618B1CC7EE10
:10A6C000875ADDED017AC4ED005A76EEA76AC4ED33
:10A6D000047A66EEA67A66EE806AE6EE067A86EE82
:10A6E000A77A84ED037A05E04FF0FF3302E0002300
:10A6F00000E002231387022104230722002003B075
:10A70000BDE83040FEF748BD03B030BDF80800207A
:10A71000D85E002000004842AC400020CDCC8C3FE9
:10A720000000C84200005C42E05E002000401CC502
:10A73000044908B501EBC001FFF7E8FEB0EEC00A1E
:10A7400008BD00BFAC40002008B52DED028BFFF71F
:10A75000DDFEB0EE408AFEF73FFE88EE000ABDEC5B
:10A76000028B08BD08B52DED028BFFF7CFFEB0EED2
:10A77000408AFEF731FE28EE000ABDEC028BFFEEA8
:10A78000007A87EE800A08BDD1ED006A91ED017A6A
:10A79000F7EE007A77EEE67A27EE077AF3EE096AAB
:10A7A000A7EEA77A67EEA67A87EE870A30EE660AEA
:10A7B000704700BFF8B50D1A33D1204A204B1580E1
:10A7C0001D803AE0B5FBF3FCBCF1130F02D903EB9B
:10A7D00083040FE0BCF1070F01D95C000AE01C46BE
:10A7E000A2FB0413BCF1030F4FEAD30302D8BEF15E
:10A7F000010EE7D1B0FBF4F14EF2803604FB1100FC
:10A800002A460023A0FB0601F6F780F80C4F2A46E3
:10A8100038800023A4FB0601F6F778F8074C208067
:10A820000BE0084B084C094A4FEA552CA3FB0C3CA3
:10A830004FEADC1C4FF00A0ED2E7F8BDBC5E0020E8
:10A84000BA5E0020834B040000CA9A3BCDCCCCCC2E
:10A85000032805D14FF4F07343FA01F1CB0705D477
:10A86000034BC0EBC00053F820007047014870470D
:10A87000C03B010850350108014B000118587047D2
:10A88000683A0108014B1878704700BFB85E002095
:10A8900070B5174C174D04F1300605EB800594F8A0
:10A8A00028300C34F3B16988B5F800C01C2934BFD6
:10A8B00001236FF00D03194411F10D030CF1050292
:10A8C00048BF01F12C03ACF1050C0029B8BF1F31C2
:10A8D000BCF10000B8BF1F3052115B11491140118B
:10A8E000FEF75AFCB44205F27C55D8D170BD00BFCA
:10A8F000F8080020645F002070B50D4C04F140059D
:10A9000094F858301BB1B4F85A00FFF7C1FF08346F
:10A91000AC42F5D1FFF77AF9031EB8BF1F3300210F
:10A92000BDE870405B110E220846FEF735BC00BF43
:10A93000F8080020F0B52DED028B664C00250328A9
:10A94000C4E9015583B000F082800428064600F077
:10A950008180022840F0B9805F4F604B6049ADF8BC
:10A9600004502A4601A82360FFF76CFAB1EEC00A32
:10A9700097ED1A7AF7EE007A20EE077A37EEC00AE2
:10A9800030EE000AC7EE007AF5EEC07AF1EE10FA6A
:10A99000C4ED077A00F18C80BDF804102846FCF75E
:10A9A000EBFCD7ED1A7A94ED076ABDF80430ADF8E8
:10A9B0000630F1EE006AB0EE677AA6EE267A4949D3
:10A9C0000123C7EE878A4FF0FF320DF10600B1EE8A
:10A9D000680AFEF721FDB5EE400AF1EE10FAB0EE7E
:10A9E000408A65D0BDF80430ADF806303D493346A5
:10A9F0000122B0EE680A0DF10600FEF70DFDB5EE7E
:10AA0000400AF1EE10FA53D030EE487A28EE000AF0
:10AA1000B1EEC00AFCEEC07AD4ED076AC4ED017A4B
:10AA2000C0EE077AC4ED087ADFED2F7A67EE275A79
:10AA300060EE277A86EEA56A27EE800A84ED046A26
:10AA400020EE260AC7EE007AC4ED057A30E0FFF763
:10AA5000BBFA2DE0FFF7B8FA244B214923602A46C0
:10AA60000DF10600ADF80650FFF7ECF9BDF8061041
:10AA7000F1B10320FCF780FCBDF80600FBF7B2FE45
:10AA80006368984214D307EE903AB8EE677AD4ED33
:10AA9000057AA060C01A27EE277A07EE900AF8EE32
:10AAA000677AE06077EEA77AC7EE276AC4ED066A98
:10AAB0000423072202210020FEF76EFB03B0BDEC49
:10AAC000028BBDE8F040FFF717BF03B0BDEC028B6F
:10AAD000F0BD00BFD85E00200803002056350108F5
:10AAE000F992000821930008DB0FC9405F35010887
:10AAF0002DE9F843194E96F91C30591C2CD096F9C3
:10AB00001D00421C28D0164D164A174F40F27C51AA
:10AB100001FB0355938AB5F8029013F0080F134B0D
:10AB200008BF1F46738B012B4FF000080FD9023569
:10AB3000012435F824104846B84710B135F8249060
:10AB4000A046738B0134A342F3DC96F91D00414605
:10AB5000BDE8F843FCF710BCBDE8F883F808002016
:10AB6000645F002008030020899200087D9200089D
:10AB70002DE9F047DFF8AC8098F91C305A1C47D01B
:10AB800098F91D20013243D0224F40F27C5202FB43
:10AB90000377214B214A9B8A13F0080F204B08BFF3
:10ABA000994607EB800318BF914644185E880D460E
:10ABB0002ED407F1020A07E03AF82410C84718BB60
:10ABC0003AF82460641923D4B8F81A30A342304606
:10ABD000F2DC19E037F82400C84750B92B1937F8D0
:10ABE0002460A24609D41C46B8F81A30A342314664
:10ABF000F0DCBAF1FF3F0BD0544698F91D00214616
:10AC0000BDE8F047FCF7B8BB02374FF0FF3AEBE77F
:10AC1000BDE8F087645F00200803002089920008E7
:10AC20007D920008F808002010B440F27C5404FB28
:10AC300000F0094C00EB810101EB040C085BBCF84F
:10AC400002105DF8044B101A5B1A00B213FB03F3F9
:10AC500000FB0030704700BF645F00202DE9F8431F
:10AC6000104BB3F81A80B8F1000F16D057B20EB2DD
:10AC700002B200244FF461754FF0FF39A1B23346A0
:10AC80003846FFF7D1FFA842B8BFA14604F101043E
:10AC9000B8BF05464445F1D101E04FF0FF394846C1
:10ACA000BDE8F883F808002070EE016AB6EE007A7D
:10ACB000F0EE607AD6EE877A31EE401A67EEA17A2E
:10ACC00021EE071A21EE211AA7EEA11A31EE200A71
:10ACD000704700002DE9F74F324A019153688342D3
:10ACE0005BD89568A84258D8B2F81A80C41A08F1FF
:10ACF000FF39ED1A2A460023A4FB0901F5F706FEE9
:10AD0000A8F1030800F1FF3BC345074645D8A0FB67
:10AD1000056A4FEA590036184AF1000A4A460023EC
:10AD200030465146F5F7F2FD8046A8194AF1000178
:10AD30004A460023F5F7EAFDB0EB08000CD0A4EB7F
:10AD4000080407EE904A07EE100AF8EE677AB8EEAC
:10AD5000477AC7EE871A01E0DFED131A134B7A1C0E
:10AD600003EBC20203EBC70703EBCB0392ED001A20
:10AD7000D7ED000A93ED000AFFF796FF019981EDE8
:10AD8000000A92ED011AD7ED010A93ED010AFFF7CF
:10AD90008BFF012081ED010A00E0002003B0BDE837
:10ADA000F08F00BFF808002000000000AC40002039
:10ADB000F7B504460F46104669461646FFF78AFF68
:10ADC000054670B10C2308496343CA18CE50384673
:10ADD0006946FEF709FA82ED010AFFF797FB82ED5B
:10ADE000020A284603B0F0BDD85E002030B52DED34
:10ADF000028BCB0785B03DD50024244D9FED248ADE
:10AE0000ADF80E4001224FF0FF332946B0EE480A5C
:10AE10000DF10E00FEF700FBFCEEC07A17EE902A53
:10AE20007AB1BDF80E102046FFF7C2FF00B1013421
:10AE3000BDF80E30062C03F10103ADF80E30E1D160
:10AE400015E0A4B91349ADF80E4022460DF10E00ED
:10AE5000FEF7F8FFBDF80E1049B108460191FBF767
:10AE6000C1FC019902462046FFF7A2FF04460A4BA7
:10AE700083F84840052307220221002005B0BDECDD
:10AE8000028BBDE83040FEF787B900BF19A2000869
:10AE90000000000031A70008D85E00202DE9F04135
:10AEA0002DED088B9FED328A82B004468846174606
:10AEB0001D460026F0EE489AF0EE488AF0EE48AAC9
:10AEC000B0EE489AF0EE48BAB0EE48BAA6421ADAA6
:10AED000B0B20190C0470198B0EE40AAB8476AEE00
:10AEE0000A7A2AEE007AEAEE279A0136EAEE078A13
:10AEF000A7EEA78A3BEE0ABA7BEE80BA39EE279A14
:10AF00007AEE87AAE2E707EE904AF8EEE77A8BEE50
:10AF1000276A8BEEA77AC9EE274AF0EE697AE9EE46
:10AF2000467AEBEE47AAA9EE648AE9EE478AABEED1
:10AF3000469A6AEEE75A67EEE76AE8EE895A68EEE3
:10AF4000E78AE8EE096AE8EE2A8A85EEA65AC8EE94
:10AF5000A67A85ED025AA6EE677AC5ED017AA4EECF
:10AF6000C57A85ED007A02B0BDEC088BBDE8F081B2
:10AF7000000000007FB5CC070D464BD59FED3D0A84
:10AF80003D4C3E4984ED010A0023ADF806300DF139
:10AF900006004FF0FF33012284ED020A84ED050A1A
:10AFA000FEF73AFAFCEEC07A354E17EE900A58B327
:10AFB0009FED347A344BF8EE677AC7EE276A93ED4B
:10AFC000007AB5EE407AF1EE10FA06D0C7EE267A96
:10AFD00084ED027AC4ED057A09E096F8993007EE1F
:10AFE000903AF8EEE77A67EEA67AC4ED027A02A903
:10AFF0004008FFF76FFE38B102A90020FFF786FA7C
:10B00000B0EEC00A84ED010A204B214A2149708B21
:10B01000FFF744FFA80723D0194B93F91D20511CBB
:10B020001ED003EBC203B3F85A00FBF7DBFB07EEBD
:10B03000900A114B9FED187A93ED086AF8EE677A43
:10B04000C3ED007A67EE877A93ED077AF1EEE76A4F
:10B05000A6EE267AD3ED096AA6EEA77A83ED047AE6
:10B06000042307220221002004B0BDE87040FEF74F
:10B0700093B800BF00000000D85E00204593000890
:10B08000F808002092FA3649585F0020F45E00204C
:10B0900049A30008F99300085F708930044B054A02
:10B0A00093F8213003EB430312F82300704700BFED
:10B0B000F8080020583B0108024A034B1080198011
:10B0C000704700BFAC030020AA030020024B1A887F
:10B0D00010431880704700BF5C5F0020F8B5134D27
:10B0E00001222E7802FA00F4264207D026EA040450
:10B0F0002C700220BDE8F840FFF7E8BF0C4A92F937
:10B100001C104B1C11D003460A48B2F81AC01F1D70
:10B1100040F27C5202FB010102FB0700064F344360
:10B1200027F813C006F0F6F82C70F8BDB85E0020C2
:10B13000F8080020645F0020605F002008B50B2045
:10B1400009230E220021FEF727F8BDE808400C2055
:10B15000FFF7BCBF07280CD8064A10B4FF21064CE5
:10B160001170034684F8213002205DF8044BFFF78C
:10B17000ADBF7047B45E0020F80800202DE9F04F05
:10B18000A94B2DED068B1B885A05A1B003D5FBF703
:10B1900063FAA54B1B88DF0740F1D180A34CDFF891
:10B1A000C4B29FEDA3AA9FEDA39ADFEDA39AFFF788
:10B1B000A3FB2546059495F8283033B99F4B0C35F1
:10B1C0009D420BF27C5BF6D1ABE095F82920059906
:10B1D00095F82A00498B9A4FD5ED0B7A01239340BD
:10B1E00023F04046013940F6F82426F0180604FB07
:10B1F00000771FFA81F8002E4ED089EE278A5E066E
:10B20000904BC2EBC20203EB82024FF00004D2F873
:10B2100018908D4B93FBF1F3AA464FF4B02604939C
:10B2200095ED0C7AF0EE698AE7EE498A4D46A14623
:10B2300048BF78EE888AB1EE488AA0B285B107EBA4
:10B24000C001A84710EE101A21F00041F0EE687A14
:10B25000B1F1FF4FE8EE007A4FF000030ED001E0AD
:10B26000F0EE687AFDEEE77A17EE903AB3F5987F44
:10B27000A8BF4FF4987323EAE3739BB20498013498
:10B280004946320C1FFA84F906445846FDF73AFF46
:10B29000C845D2D2554691E713F0180F8ED08AEEEA
:10B2A000276A3146F6EE006AB3B207EBC30393EDAB
:10B2B000007AD3ED015AF0EE667AE6EE077A0136AF
:10B2C0005846B0EE667AA6EE257AFDEEE77ABDEE38
:10B2D000C77A17EE903A9CB204F1E30E17EE102AEB
:10B2E0001FFA8EFEC2F19802E834BEF5E47F93B2F5
:10B2F0000FFA82FCA2B224B204D3052CB4BF0522FB
:10B300004FF4E672B3F5987F05D9BCF1000FB4BFD6
:10B3100000234FF49873FDF7F5FEB1B28845C3D210
:10B320004CE7059C238B1C0601D5FFF7E1FB474C3E
:10B330002378242043F001032370FFF7C7FE444B1A
:10B340001B883BB9384A0023138021B0BDEC068B23
:10B35000BDE8F08F344B1C88A00506D5002004F012
:10B36000C5FD04F069FD304B1C88A10709D5394B98
:10B370001A464FF0FF33C2E90033C2E902331361CA
:10B3800019E0A20603D5FFF7B7FA274B1C8863061E
:10B3900005D50022092311461046FDF7FDFE2706BC
:10B3A00009D52D4B9B8ADE0605D509230E220021E7
:10B3B0000D20FDF7F1FE14F0E60F00F045861B4C62
:10B3C00094F82100072813D8238BDD0710D4234BD2
:10B3D00000EB400203EB82039A680AB91B4C05E0BC
:10B3E0001A4C5B782178194200D0904700232370D3
:10B3F000174B1B881F335A111792194A11881F3196
:10B400004A0949094FEA53132ED1124B1993199A3D
:10B410000023C2E90033C2E90233136104F04AFC9D
:10B42000014B1C8800F010BE5C5F0020F808002073
:10B4300000001843000018420040984328090020EB
:10B44000AC400020C03B01080000C701B45E0020F2
:10B45000AC030020C45E002008030020583B010814
:10B46000AA030020645F0020013B9BB2013A013334
:10B470005B0192B252010C93AC4B1993783A13933F
:10B48000DFEDAB8A15926FF097031193139B33F89E
:10B49000022B0592139332B9119B159A20339342D4
:10B4A0001193F3D1B3E7179B002BF5D0119ADFED81
:10B4B000A19AC2F57F436A331BB218936FF047031A
:10B4C0009B1A16934FF0000802F198030B93CDF8E6
:10B4D0001080059BDC0740F1A985974B049A1B88D7
:10B4E0009A1A964B0A921F2A1B8800F326870B99FB
:10B4F0005B1A1F2B0D9306DD002A40F3978520234E
:10B5000080240D9308E00A9B002B40F38F850D9B50
:10B51000002B40F38B859C00894D109504F012FBA5
:10B52000884BEA8B186000F11003804642EA024221
:10B5300003EB041443E9042243E902221033A3423B
:10B54000F8D1814B0E93002703F130010F930124B2
:10B550004FF4F07593F828207AB193F8292004FA73
:10B5600002F0032A47EA000707D193F82B2045FA97
:10B5700002F2D00758BF47F000470C339942E9D197
:10B58000109A27F0404323F01803548C13B93A075C
:10B5900061D4B1E06D4B049A1D88109B9B8A13F017
:10B5A000200F6B4BB3F800A00D9B4FEA43100A9B92
:10B5B000A2F1050CA5F5207514BF4FF0020E4FF057
:10B5C000010E05EBC2154FEA4E16624603EB0C095D
:10B5D000414640F2C71B05E00B9ADDF8289046462D
:10B5E00000211AE0B2F5E47F07D30132914505F15D
:10B5F000800501F10201F5D1EEE73AB15A4505D0D7
:10B60000B5FBFAF30AFB13537F2BEED8002321F886
:10B61000134033448342FADBE7E7B2F5987F07DD56
:10B620002031814202F1010206F14006F5D1AEE778
:10B63000484B494D03FB02F3B5EB730FF0D30023E6
:10B640000CEB0305B5F5E47F38BF26F813407344CF
:10B650004B45F5DBE4E7002F049B28DAC3EBC37608
:10B66000A3F1E8090D9B0A9ACDF8188008EB46066D
:10B670005B01DDF844B006F5E876002702EB09052A
:10B68000984612E050465946FDF758FC08B126F896
:10B690001A400AF1010A5545F4D12037B84506F1A0
:10B6A00040060BF1010B00F09380CA46EAE7C3F1B4
:10B6B000E8070D9BDDF844905B0106930A9BFD1A99
:10B6C0003B4600264F46994612E0504639460AF15D
:10B6D000FF3AFDF733FC08B1ABF8004055450BF1DC
:10B6E000020BF2D1069B2036B34207F1010774D05A
:10B6F000CA4608EB460BE8E7FB066ED5049B119D96
:10B70000CDF81C80C3EBC377A3F1E8090D9B2B4454
:10B7100006930A9B08EB470707F5E87703EB090652
:10B7200045F6A81C40F27D3B48E000BFC45E002007
:10B730000000184292FA364AAC030020AA03002007
:10B7400008030020B05E0020F8080020BA5E002048
:10B75000BC5E00201BCA6B28AFA1BC0603FB030222
:10B760008A4222DC62451EDCEBB1E5B15A451CD9A8
:10B7700040F2B938424516D940F63368424514D9EB
:10B78000724510D9AB420ED09A450CD042F2210836
:10B7900042450AD942F2D708424504D9A2F565527A
:10B7A000093AF12A01D827F8134001339E42D5D136
:10B7B000069B0135AB4207F140070CD005FB05F0B5
:10B7C0004B4645F6D82140F6AB6EC5F1000AC5E7F9
:10B7D000DDF8188001E0DDF81C80AA4B0A9A1B787E
:10B7E000DFF8C0B2CDF824B003F001031293A64BEA
:10B7F000089303230793049BDDF82CB09A18149246
:10B800009A46079B032B0ED0089B93F8583023B918
:10B81000079B013340F0AF80B8E00F9B5A8B013A91
:10B8200040F0A185F4E7129B002B00F0A480974B19
:10B830001A88013A002A00F09E80954BC8BF002765
:10B84000B3F8009023DC96E0099C149D00218B182E
:10B850005B1034F823008542CCBF19461A464B1CB6
:10B860009342F4DB099C114600277B185B1034F8E7
:10B8700023008245CCBF1F4619467B1C8B42F4DB5C
:10B88000844B0799974233F8119000DBC0E7099B7E
:10B8900003EB870703EB820306933A887B88B7F8AC
:10B8A00004E0F888B2EB0A02AEEB0A0EA3EB0B0140
:10B8B000A0EB0B0608D5BEF1000F80F25085069B69
:10B8C0000437BB42E9D1A3E7002903DA002E80F256
:10B8D0004185F4E71F2A02DDBEF11F0FEFDC1F29AF
:10B8E00001DD1F2EEBDC834205D9084613463146A5
:10B8F000724606469E46A2EB0E04002CC8BFAEEB75
:10B900000204A6EB0105CCBF4FF0FF3C4FF0010C49
:10B91000E5424CBF04EBD47005EBD5704010002914
:10B92000C0F1000003DB490103460BE018468442E6
:10B93000BABF431B624403468542F7DD0131A3EBE6
:10B940000403F3D10EEB461600E0034650181F2AFD
:10B9500098BF28F810908642B1D09C42BABF581BBD
:10B96000624418469D42F0DD2031B1F5806FA0EBB6
:10B970000400EADBA3E7079B013B0793099BA3F2C3
:10B980007C530993089B0C3B08933AE7109B9B8AD6
:10B99000DF060BD4DFF81081DFF8EC90DDF82CA087
:10B9A000A8F1540308F5E07B089343E0049BB3F54A
:10B9B000C27FEFD90F9991F91C305E1CEAD003EBDE
:10B9C000430201EB8202012192F82900814011F02B
:10B9D000180FDFD1D2ED0C7A92ED0B9A049AB2EEE9
:10B9E000008AC2F5D2744D0638EE678A24B205D5B6
:10B9F000B7EE007AC7EE097A38EE278A063398B296
:10BA000004F068FA244D189EB7EE00AA69EE087A91
:10BA100038EE4A8A17EE900AF4F7C2FDCDE900012C
:10BA2000314626362A46204636B2FDF775FD1F2ED2
:10BA3000ECDDAFE799F8583033B908F13808C34561
:10BA400009F10809F6D163E0144BB9F85A500E9E7B
:10BA5000CDF81C9003EB8505A8F11C030693062482
:10BA600096F82830002B48D06B882F88049A1B2B1F
:10BA7000A3EB0A01A7EB020718D8094B0131C14615
:10BA80001BE000BFB85E0020F8080020605F0020C7
:10BA90003A0300203403002084350108645F00204D
:10BAA0008C38010854750020C4380108A3EB0A0340
:10BAB000A3F10E01DDF81890089BBA1D2A2A01F1A6
:10BAC0000E001AD82D2818D8204612930991053F48
:10BAD00004F000FA129B099900930B220E233846BA
:10BAE000FDF78EFA1A2004F0F5F90999CDF80090C7
:10BAF0000E2338460B22FDF783FA0134A4B20A2C38
:10BB000006F10C0605F27C55AAD1DDF81C9094E7ED
:10BB1000FEF77CF80B9B9842C0F20F820F9A92F9C5
:10BB20001D305C1C00F0098292F91CB0BBF1FF3F94
:10BB300000F0038202EBC303B3F85A3008EE103A68
:10BB400092F91E30013300F0DA800BF106039BB24C
:10BB5000002509EE103ABC4F2C4697F8583013B91F
:10BB600005F1010859E0B94A02EB840332F8246078
:10BB700059880B9BA1EB0309049B19EE100AF61AD6
:10BB800004F0A8F90F9B93F91D30AB4204F10104B6
:10BB900007D1109B1B7F23B9AD4A49463046FDF7BC
:10BBA000BBFC05F10108AB4A43464946F01DFDF7D1
:10BBB000B3FC2846B7F85AA0FBF756FD0F99034689
:10BBC000088BC00506F11A0215D591F91D00A8428F
:10BBD00011D0CDE90623FBF747FD079B069A834268
:10BBE0008CBF1B1AC31A494610469B4AFDF794FCAA
:10BBF00018EE105A06E010464946984AFDF78CFCAC
:10BC00004FF0FF35012004F065F900955346494691
:10BC100006F18E005A46FDF7C5FE4546082D07F190
:10BC200008079AD1631C5B1003EB830403EB440405
:10BC30000F9E0B9B0134E41A338BDD0500F1388134
:10BC400096F91D3096F91E20934200F0318106EBE3
:10BC5000C201049F01320092B1F85A50804A013368
:10BC60002146C7F1FD00FDF757FC338BD80732465C
:10BC7000C7F5917618D492F91D001746FBF7F4FC2E
:10BC8000054697F91E00FBF7EFFC8542034627BFE8
:10BC90002B222B1A5B1B2D22009330461346214684
:10BCA000704AFDF739FC03E118EE100AFDF7BAFA05
:10BCB000284618EE107AB0EE409AFDF7B3FA3846EF
:10BCC000B0EE408AFDF7C4FA2846F0EE406AFDF770
:10BCD000BFFA76EEC07A17EE900AF4F761FC79EEBF
:10BCE000487ACDE9020117EE900AF4F759FC5E4A52
:10BCF000CDE9000130462146FDF70EFCD8E04FF0BB
:10BD00000008514FDFF84491DFF868B1464697F8D4
:10BD10002830002B61D009EB880339F828405D8872
:10BD20000B9BB01DED1A049B80B2E41A04F0D2F80C
:10BD30000F9B93F91C30B34208F1010804D1444A27
:10BD400029462046FDF7E8FB3046FBF725FF29464C
:10BD50000246E01DFDF7E0FB97F82900D7ED0B7ACE
:10BD6000DFF814A197F82B10C0EBC0030BEB830393
:10BD7000A0F1030CB7EE007ABCF1010FDA683B4B7F
:10BD800004F12104F4EE477A04D8F1EE10FA08BF6A
:10BD90009A4601E0DFF8E4A0FEF75AFD069017EEA0
:10BDA000900A0292F4F7FCFB5246CDE90001069B93
:10BDB00029462046FDF7B0FBC0EBC000831C0120E4
:10BDC0001C4404F087F84FF0FF330093294618EE27
:10BDD000103A20463246FDF7E5FD0136042E07F104
:10BDE0000C0794D108F101035B1003EB830403EB10
:10BDF00044040B9B0134E41A109B1B7F33B9049B52
:10BE0000134A2146C3F1FD00FDF786FB0F9D049EFA
:10BE100095F91D30164A01332146C6F58270FDF7AB
:10BE20007BFB2B8B2A46D907C6F58E7505F10105DC
:10BE300026D492F91D00FBF717FC084A0346214659
:10BE40002846FDF769FB33E0F8080020383B01087D
:10BE50008C35010890350108943501089C3501089E
:10BE6000A4350108AC350108B4350108A42801083F
:10BE7000C0350108C03B0108783501086C35010860
:10BE800018EE100AFDF7CEF910EE106AFDF7E0F992
:10BE900010EE100AF4F784FBCDE902013046F4F706
:10BEA0007FFB9D4ACDE9000128462146FDF734FB82
:10BEB000FCF748F8049BB5EE400AF1EE10FAB0EE3C
:10BEC000408AC3F1180525D0109B1B7F042B0F9BC4
:10BED00093F8993007EE903AF8EEE77A08BF182306
:10BEE00067EEA97A18BF202367EE807A069317EED3
:10BEF000900AF4F755FBCDE9020118EE100AF4F7A9
:10BF00004FFB069B854ACDE90001214628460B34AC
:10BF1000FDF702FB0F9BD3ED2A7AF5EE407AF1EEA6
:10BF200010FA0AD017EE900AF4F73AFB7C4ACDE9F2
:10BF3000000121462846FDF7EFFA0F9A92F82130CA
:10BF4000072B12D8128BD2070FD4764A03EB430388
:10BF500002EB83035C6844B11520002103F0D2FF9B
:10BF6000049B1699C3F10F00A047049BC3F106037D
:10BF7000252B03D90A9B202B36D150E0049B6A4F16
:10BF8000DDF82CA0DDF838805E420624182598F8EC
:10BF90002830F6EE007A03B398F8293045FA03F317
:10BFA000DB071AD498ED0C7AE7EE287AFDEEE77AF3
:10BFB00017EE909AC9F59879A9EB0A0909F10303DC
:10BFC000242B0AD8204603F085FF0097A9F102012F
:10BFD000052306223046FDF713F80134A4B20A2CDB
:10BFE00008F10C08D3D1C5E7504B1D680A9B05F139
:10BFF00040045E0005EB43050D9B5F1E0BD10EE078
:10C0000033F8021B22F8021F8342F9D1013F354465
:10C0100004F1400403D0AA1EA0192346F0E70498B7
:10C020000D9BDDE90A210F3003F04CFE059B5B08F8
:10C0300005933FF431AA049B0C9A20339A4204934F
:10C040007FF447AAFFF728BA250740F1B480384F9C
:10C050003B7F022B04D0032B4FF0200503D000E0E0
:10C060001825202600E0182600210120314C03F07D
:10C0700049FF40F2311100200F234FF4F07203F01A
:10C0800043FE218BC80763D4D4E901239A420AD125
:10C09000294B01920093294A2B4640F233110F207D
:10C0A00003F0C6FF76E0490616D40192244A0092B6
:10C0B0002B46224A40F233110F2003F0B9FFA36848
:10C0C0000193204B00931D4A334640F233114FF445
:10C0D000A37003F0ADFF5DE05B0803EB520302F0D9
:10C0E00001021344184A019300922B46134A40F26E
:10C0F00033110F2003F09CFF6168A268521A01926D
:10C10000124A009233460D4A40F233114FF4A370A5
:10C1100003F08EFF3EE000BFB4350108C8350108CA
:10C12000DC350108583B0108B83B0108B05E00202F
:10C1300008030020F8080020FC350108F03501084C
:10C1400000360108083601081036010818360108C3
:10C150008D4A94F8993040F233110F2003F068FFB4
:10C16000608B0138FDF75EF810EE105AFDF770F89D
:10C1700010EE100AF4F714FACDE902012846F4F79C
:10C180000FFA824ACDE9000140F233114FF4A37057
:10C1900003F04EFF122003F09DFE788BFAF71CFB94
:10C1A000618B009103467A4A40F23311CE2003F0AE
:10C1B0003FFF784B1C88E30675D500211820764C8C
:10C1C00003F0A0FE0F226E236421002003F09CFDEB
:10C1D000A28CD7052AD5714B43211B888DF8681096
:10C1E00000218DF86A108DF86B104FF6FF718B42AD
:10C1F00003F1300008BF2A238DF8690008BF8DF8CD
:10C200006930960506D5172003F064FE63238DF888
:10C21000683002E0012003F05DFE1AAA64210020CC
:10C2200003F006FF012003F055FEA28C5C4D0223B3
:10C2300005F1240764261A4206D00B362A463146F9
:10C24000002003F0F5FEA28C0435BD4201D06B88BE
:10C25000F1E7D505E37F00D407E094F820209A4267
:10C2600003D0182003F036FEE37F4E4A032B9CBF19
:10C270001933DBB206F10B0194BF5B006123002090
:10C2800003F0D6FEF9F792FC044600B909E001205C
:10C2900003F020FE444A234606F12101002003F06A
:10C2A000C7FE3C4B1C88E4057FF54CA804F07AFAE5
:10C2B000051E7FF747A840F6E34000218542D4BF22
:10C2C0000D200C2003F01EFE3C230021FF228DF8E0
:10C2D00068108DF869308DF86A308DF86B201BA9D5
:10C2E000052341F204028126581E800702D11C4614
:10C2F0000E7006E09542B4BF8120BD200870643AFC
:10C300001C46B2F5486F03F1010301F10101EBDCBA
:10C3100004F180030DEB03011AAA81200092A31CF3
:10C3200001F8180CFF2001F8170C9BB2082202211B
:10C33000032003F0FDFDFFF705B80B9A9B1A0D9340
:10C340001F2B4FF020030A937FF7E1A880240D9361
:10C35000FFF7E2B81F2A3FF7BFAAFFF7C4BA0029C8
:10C36000BFF6BDAA0BE0089B93F859700F4B43FA38
:10C3700007F717F001073FF483AAFFF765BA002E0D
:10C38000BFF6B1AAFFF79BBA20360108383601087C
:10C39000483601085C5F0020F8080020128B00205E
:10C3A0002C3801085436010858360108E7FFFF3FD2
:10C3B000421C2BD008B500F10B02154B13F83210BC
:10C3C00019B393F91D10814204D11248017841F04C
:10C3D0000201017003EBC2035888FEF759FAFDF71A
:10C3E00015FC031EB8BF1F3300215B110E22084647
:10C3F000FCF7D2FE084A138823F0200343F004031D
:10C400001380BDE80840FEF7B9BE08BD704700BF05
:10C41000F8080020B45E00205C5F002008B540F200
:10C420001B30FEF753FEBDE80840FEF7A7BE00BF75
:10C43000BFF34F8F0549064BCA6802F4E06213430D
:10C44000CB60BFF34F8F00BFFDE700BF00ED00E002
:10C450000400FA054FF090431869074B9B8A1B06AE
:10C4600000F00E0006D5C0F34003B3EBD00F18BFA9
:10C4700080F00A00704700BF0803002030B50E4C62
:10C48000238B03F01802082A09D0102A0AD00B4D7A
:10C49000002A08BF10200A4A18BF2A4604E0094AA9
:10C4A000002001E0084A082009B14A6003E023F0B7
:10C4B00018031843208330BDF8080020BD40010850
:10C4C000083F0108173F01080F3F010804280246F2
:10C4D0000F4BA8BF0422F0B533F832600E8003EB97
:10C4E000C20304285A889C884A808C809F79DB8804
:10C4F000CB800CDD04380A25B0FBF5F305FB1300F7
:10C5000010FB07F013FB046410440C804880F0BD5E
:10C51000744A01080A4A0B4B11880B4A1B8812887F
:10C5200091424FF01E0008D1B3FBF0F200FB123035
:10C5300080B213B1002808BF1E200330704700BF2F
:10C54000D27A0020D47A0020047B0020044B0A22F7
:10C5500002FB0030D0F806300BB140781847704726
:10C56000684C0108044B002013F8012B1AB12E2A45
:10C5700001D00130F8E77047DC7A00200346012241
:10C580000A2110464A439A42FBD3B3EB400F4FEACD
:10C59000400204D300EB8000984288BF10467047E9
:10C5A000054A938C03F480639384044B4FF6FF7227
:10C5B00010201A80FEF78ABDF8080020128B002098
:10C5C00008B5064B1A7F824206D018774FF4856073
:10C5D000FEF77CFD012000E0002008BD08030020DC
:10C5E0000B4B002283F8582083F8602083F86820E2
:10C5F00083F8702083F8782083F8802083F88820DF
:10C6000083F890200220FF229A775A77FEF75EBDCA
:10C61000F808002070B52D4C94F91D2069B18242B4
:10C6200001D1042305E000F10B0314F833300BB102
:10C630000123CB700130486070BD00F10B0305464B
:10C6400014F8330058B1AA420CD104F83310022078
:10C65000FF2394F91E506377FEF738FD02E00122B4
:10C6600004F833206DB294F91D20A2776B1C657716
:10C670000CD1002116480B4610F833600EB15DB2A4
:10C6800001210133082BF7D101B1657794F91D0021
:10C69000824202D1FF23A37701E0013210D10022B0
:10C6A00094F91E100A4D134615F833601EB19842D6
:10C6B0001CBF59B201220133082BF5D102B1A17779
:10C6C000BDE870402020FEF701BD00BFF808002043
:10C6D0005009002038B5104C4FF08045696A236836
:10C6E000CB1AB3F5FA6F03D8C820F4F739FDF5E794
:10C6F0000A4AFFF7AFFE1388108020EA0303C3F352
:10C7000080001A079DB248BF40F01000AB072160BF
:10C7100048BF40F0200038BDF47A0020F07A0020B5
:10C720002DE9F8431E4FDFF880801E4E4FF0804900
:10C730004FF47A70D9F824403D68F4F711FDFFF703
:10C7400089FEB8F80010651B81EA000302464CF22E
:10C750004F3085429BB201D950071BD413F004001F
:10C760001AD1914203D0A8F800203C6015E04CF2A9
:10C7700050339D42DCD93368A342D9D211F0020074
:10C7800018BF602004F6B8340B0748BF40F05000D3
:10C79000346002E0042000E00120BDE8F88300BF1F
:10C7A000F47A0020F87A0020F07A00202DE9F04792
:10C7B000DDF820A09AF8027017F0070405460E462F
:10C7C0009046994637D017F0100F14BF0F20102055
:10C7D00003F08CFB284623464246314603F094FA88
:10C7E00017F0400F14BF0F20102003F07FFB2846E6
:10C7F0004B462246314603F087FA17F0800F14BFEC
:10C800000F20102003F072FB05EB0800001B4B46C5
:10C810002246314603F078FA17F0200F14BF0F209C
:10C82000102003F063FB06EB090123464246091B77
:10C83000284603F069FA9AF800109AF8010003F00C
:10C8400061FB3B0709D4A9EB4403A8EB440231196F
:10C850002819BDE8F04703F057BABDE8F08700009B
:10C86000044A1378D90704D583F00103137003F049
:10C87000FDBF7047077B002038B50E4C00222046D4
:10C88000012104F029FA4FF09045402207214FF092
:10C89000904004F021FA01224023A2612046AB61BE
:10C8A000002104F019FA28460122BDE8384006218B
:10C8B00004F012BA0004004861B1074A528B10B567
:10C8C00082420CBF03230223CB700C46F9F784FF8E
:10C8D000606010BDF9F746BF08030020074B33F82E
:10C8E000100041B1064B5B8B486083420CBF0323B1
:10C8F0000223CB707047FAF70BBE00BF6C5A0108D9
:10C90000F8080020002848DBF0B58DB004238DF82E
:10C910000930224B93F90030834204D105238DF86E
:10C920000830612303E003238DF8083091231C4F66
:10C930008DF80A303B68460093F801C003EB4000D5
:10C94000184B857833F83C4003EBCC012809CB88A1
:10C950008A88498805F00F0503FB051502FB004492
:10C9600002A90091A0B2A9B2FFF720FF3B681E44C4
:10C97000F078FF280FD05B7833B905F1190204F184
:10C98000340103F0F3FB06E0022305F10D0204F18C
:10C99000120103F06FFB0DB0F0BD7047E4030020FF
:10C9A000D87A0020A84B010851B1074BDB7F8342A6
:10C9B0000CBF0323022301304000CB704860704756
:10C9C000C0B2F9F793BD00BFF80800204FF47A63B6
:10C9D00000FB033041B1054B9B68486083420CBFAC
:10C9E00003230223CB707047FBF7FCBE0803002033
:10C9F0002DE9F347DFF858800746002508F58076D3
:10CA000001AB4FF4807241463846F8F7BDF9044651
:10CA1000D0B9019BC3B1DFF83890A24619F8013BA9
:10CA20000D2B06D105F806A03046FBF743FB002589
:10CA300005E01F2B03D97F2D9CBFAB550135019B12
:10CA40000134A342EAD8DBE7002002B0BDE8F0875A
:10CA5000107B002007B54FF4802201AB4FF000613E
:10CA6000F8F75AFA03B05DF804FB000007B5044973
:10CA700001AB43F2AC72F8F74FFA03B05DF804FB78
:10CA8000F8080020D1E90032A3F55E532C3B134394
:10CA900013B501D00F481BE004226B460DEB0201D9
:10CAA0000446F8F771F90028F4D10B4B019A9A4229
:10CAB000F0D1204609496B4643F2A872F8F764F9B1
:10CAC00004460028E6D14FF6FF70FAF7EDFC204649
:10CAD00002B010BD1F3F0108544E4F43FC08002018
:10CAE0002DE9F74F3A4D8A4601AB68222946814627
:10CAF000F8F74AF9002867D12A8844F649139A4280
:10CB000062D16B8AB3F5F07F5ED1EB8BB3F5A07F7A
:10CB10005AD1EA8E48F205039A4255D104460027BD
:10CB2000694601AB02224846F8F72EF99DF90080CC
:10CB30009DF80110E95507F1010BB8F1000F064609
:10CB400005EB0B0006DCC8F1000204F00BFCABEBBC
:10CB5000080708E0014601AB42464846F8F714F9D9
:10CB600008EB0B070646B7F5B46FD9DB184F002268
:10CB70003846817890F801C0164B490103EACC236E
:10CB800001F4F851194310F8033B23F0070343EA7B
:10CB90005C1301320B43B2F5F07F27F8023BE8D17A
:10CBA000214601230020013403F0A0F8B4F5A07F52
:10CBB00001D0002EB3D00AF11A0240F21F1100205A
:10CBC00003F036FA002000E0034803B0BDE8F08F20
:10CBD000107B002000E0FFFF1F3F0108F0B585B08B
:10CBE0002C492D4D03AB68220646F8F795F9074608
:10CBF000112003F07BF90024002F47D1214638464D
:10CC0000009501234FF4F07203F010F8224940F22E
:10CC1000DF1035F810305BBA9AB2C3F3072303F084
:10CC2000F803802B88BF43F0070381F81D36D30833
:10CC300003F0FC03802B88BF43F0030381F81E360A
:10CC4000D300DBB2802B88BF43F00703013881F8A3
:10CC50001F36431CA1F10301DBD14FF4B462294616
:10CC60000E48FBF73FFD03AB0246039029463046D2
:10CC7000F8F752F90123214607461A4640F2DF1021
:10CC8000013403F041F8B4F5A07FB5D1384605B0C2
:10CC9000F0BD00BFFC5A0108107B0020907B0020F3
:10CCA0002DE9F3411D4C0E4601AB7A222146074681
:10CCB000F8F76AF870BB638AB3F5F07F2AD1E38A8C
:10CCC000B3F5A07F26D1A38B102B23D140F23F15C3
:10CCD00001AB4FF4707221463846F8F755F84FF41F
:10CCE000F07180462046FBF7F1FC294601234FF402
:10CCF000F072002002F0FAFF013D02D3B8F1000FFC
:10CD0000E6D006F11A0240F21F11002003F090F95C
:10CD1000002000E0024802B0BDE8F081107B002056
:10CD20001F3F0108F0B585B01749184F03AB7A22B1
:10CD30000646F8F7F1F80446112003F0D7F840F260
:10CD40003F15ECB901234FF4F072294620460097B5
:10CD500002F06CFF0D484FF4F071FBF7B7FC0B4984
:10CD600003AB4FF470723046F8F7D6F8012329462A
:10CD700004461A4640F2DF1002F0C6FF013DE0D241
:10CD8000204605B0F0BD00BFF8490108107B002027
:10CD90002DE9F04F2DED028B97B0002508EE100A1B
:10CDA000DFF838B1DFF838810292A9462C462F46C9
:10CDB00018EE100A05AB4FF480725946F7F7E4FFFE
:10CDC0000646002864D1059B002B61D0059AB3B2BA
:10CDD0009A42EDD913F80B300D2B4FD13B4800236D
:10CDE0003B54102206A9FBF73FFC0128019043DDCC
:10CDF0000698037803F0FD03212B3DD0FBF762FB7F
:10CE0000B4F5AF7F054602D8314B984201D931487D
:10CE100056E0002C08BF81460798FBF779FB08EB2A
:10CE2000C40AE30008988AED000A0393FBF770FB3D
:10CE3000029B8AED010A012B04F25F17039B11D1BB
:10CE4000019A032A0EDD0998FBF762FB08EBC7077E
:10CE50000A9887ED000AFBF75BFB0AF6FC2282EDDD
:10CE6000000A07E0434408EBC70703F6FC2300224F
:10CE70003A601A600134A4B2002707E01F2B05D9DD
:10CE80007F2F03D811497A1C7B5497B201369DE756
:10CE9000ACB1F8F791FE104B0022C3F89C20C3F808
:10CEA000A020494600205C83FAF7E8FB29460120D0
:10CEB000FAF7E4FB0120FEF709F9002000E0204624
:10CEC00017B0BDEC028BBDE8F08F00BF107C0020D6
:10CED00000BBEEA01F3F0108F8080020107B0020D7
:10CEE000AC4000202DE9F0478CB007460BAB2A225E
:10CEF00029B92449DFF89890F8F70EF804E02249A0
:10CF0000DFF89090F8F708F8204CDFF88CA0DFF8F5
:10CF10008C8004F6F8260025BAF81A30AB422DDDD5
:10CF20000834083650BBA8B2F9F75CFC099056F8F3
:10CF3000040CF3F735FBCDE9060156F8080CF3F7BE
:10CF40002FFBCDE9040154F8040CF3F729FBCDE9DC
:10CF5000020154F8080CF3F723FB099BCDE900010B
:10CF60004A4680214046F5F7BDFF0BAB02460B90C9
:10CF700041463846F7F7D0FF0135CDE70CB0BDE8A4
:10CF8000F08700BF745A0108B05A0108AC40002075
:10CF9000A05A0108DC5A0108F8080020107B002084
:10CFA000F8B56FF0190706460C467F1A2146304641
:10CFB000F8F794F9C0B9A37EB3B1237B13F0100343
:10CFC000F4D104F11A00024612F8015B25B1B91838
:10CFD0002E2D08BF0B46F7E7002BE7D0316D184424
:10CFE000FBF70AFB08B9E1E704252846F8BD000075
:10CFF00061B1074B07481B78074A13F0010308BFCC
:10D00000024683F001034A60CB707047F8F7DEBD3B
:10D01000A8030020303F01082A3F010830B51D4D0C
:10D0200095F82420AB8C87B08AB303F4007321B346
:10D03000002B0C4614BF1723032304F8083BD5ED3F
:10D04000047A6B8C0593F8EE677A17EE900AF3F783
:10D05000A7FACDE90201E86807EE900AF8EE677AD0
:10D0600017EE900AF3F79CFA059B0B4ACDE90001F5
:10D0700020212046F5F736FF09E043B1FAF7E4FB3B
:10D0800095F8200007B0BDE83040F9F72FBA07B097
:10D0900030BD00BFF8080020373F0108114A92F95F
:10D0A0001C30581C1DD039B108469A1D00F8082BB9
:10D0B00020210D4AF5F716BF10B418460C21013097
:10D0C000042808BF002001FB002494F828401CB16C
:10D0D0005DF8044BFAF786BD9842F0D15DF8044B39
:10D0E00070477047F8080020503F0108104B93F933
:10D0F0001C00421C02D1C9B10E4B0AE00C2202FBFB
:10D10000003393F82A2031B10B4B0C48002A18BF8A
:10D1100003464B60704793F8291040F2BF130B4150
:10D12000DB0703D582F00101FAF748BD704700BF65
:10D13000F8080020BD400108593F0108643F01087C
:10D1400010B50A4C94F91D3004EBC303012808BF45
:10D150000121B3F95A0018BF4FF0FF31FDF708FD68
:10D16000238B23F08003238310BD00BFF808002029
:10D17000074B53F8200041B1064B1B6E48608342B9
:10D180000CBF03230223CB707047FAF741BF00BFE7
:10D19000985B01080803002010B5064A137813F0C5
:10D1A000010406D183F00103137003F045FB024B29
:10D1B0001C7010BD077B0020067B0020F0B51D4BC6
:10D1C0001D4CB3F9002024781C4BB3F900306CBB24
:10D1D0001B4CB4F90C60B4F90E70921B40F2BF15F1
:10D1E0006A43B4F91050DB1BAD1B92FBF5F240F221
:10D1F0001F156B43B4F91250A48A103240F2DF16A7
:10D20000B242A5EB070593FBF5F340F23F1503F19E
:10D210001003A8BF3246AB42A8BF2B4622EAE272F7
:10D22000240623EAE37344BFB21AEB1A02600B60D0
:10D23000F0BD00BFFE7A0020067B0020007B0020AE
:10D240000803002010B5084C238B39B103F0060207
:10D2500090420CBF03230223CB7004E023F00602AC
:10D2600042EA0003238310BDF8080020054A138B0F
:10D2700019B1C3F3C013CB70704783F080031383DD
:10D28000704700BFF8080020074B41B19B681B02A4
:10D2900049BF0123054BCB70054B4B6070479A6823
:10D2A00082F400029A607047002800406F3F010836
:10D2B00094410108064A938C19B1C3F38023CB70C3
:10D2C000704783F4806310209384FDF7FFBE00BF96
:10D2D000F8080020064A938C19B1C3F30023CB70E1
:10D2E000704783F4807310209384FDF7EFBE00BF76
:10D2F000F80800200B4A08B50846138B39B1DB0744
:10D3000049BF0123084BCB70084B4B6008BD83F02D
:10D3100001031383FFF754F9BDE808400A20FDF725
:10D32000D5BE00BFF80800206F3F010894410108F6
:10D33000064A138B19B1C3F30023CB70704783F4F3
:10D34000807320201383FDF7C1BE00BFF8080020C2
:10D3500030B58FB004460D4602A9FFF7B7F8032C8D
:10D3600007D11D4B1B8813F0010F0CBF03230D23A6
:10D3700000E003238DF8103004238DF81130174B93
:10D3800093F9000084420CBF612491240DB944F04C
:10D39000080404AB0093BDF80C209DF80E30BDF8D6
:10D3A0000A10BDF808008DF81240FFF7FFF985B1AB
:10D3B0009DF80E30BDF80A10BDF808409DF80F002A
:10D3C0000B3B03EBD3732A4601EB6301204402F0CD
:10D3D0002FFE0FB030BD00BFD07A0020E403002044
:10D3E000002801DBFFF7B4BF7047000008B509490A
:10D3F0000320FFF7ADFF08490020FFF7A9FF074909
:10D400000120FFF7A5FFBDE8084005490220FFF70E
:10D410009FBF00BF733F0108773F0108793F0108B4
:10D420007B3F010810B50C4C2378A3B140F23111B9
:10D4300040F2D110FDF740FE2378012B01D1FDF71A
:10D440007DFE2378023B012B03D840F21A30FDF712
:10D450003DFE0023237010BD087B00202DE9F04124
:10D46000594D95F91C305A1C2DED048B00F0A88005
:10D470000C2202FB0353554A93F829701C2101FB2F
:10D480000722D2F81880B8F1000F00F0998093F8C5
:10D490002A304F4E40F6F82202FB0366002406EBCA
:10D4A000C4012046C04710EE103A23F00043B3F108
:10D4B000FF4F00F0858074B1F4EE408AF1EE10FA6F
:10D4C000B4EE408A48BFF0EE408AF1EE10FAC8BFD1
:10D4D000B0EE408A03E0F0EE408AB0EE408A6B8BFB
:10D4E0000134A342DBDC38EE289AB4EE688AF6EE0B
:10D4F000009AF1EE10FA29EE299AB7EE007A06D0DA
:10D5000078EEC88A9FED338A28EE888A0AE0B5EE65
:10D51000408AF1EE10FA23D0B0EEC88ADFED2E7A01
:10D5200028EE278A9FED2D6AF0EE487AF7EE008A02
:10D53000F2EE046AF4EEC77AF1EE10FA04D567EE63
:10D54000A67A68EE868AF5E79FED246AF4EEE67A1D
:10D55000F1EE10FA08DB67EE867A68EEA68AF5E748
:10D56000B0EE008AF0EE478AF5EE007A28EE278AC0
:10D57000F4EEC88AF1EE10FA02DD68EEA98AF7E748
:10D58000062F08BF39EE479A95F91C00B0EE680ADD
:10D59000FAF736FB89EE280A95F91C00F1EE007ABD
:10D5A00030EE290ABDEEC00AB8EEC00A37EEC00A56
:10D5B000FAF73AFBBDEC048BBDE8F041FFF732BF50
:10D5C000BDEC048BBDE8F081F8080020C03B0108E9
:10D5D000AC400020CDCC8C3F9A99993FCDCCCC3D2E
:10D5E000F8B5274B1A78022A48D0002104460222B7
:10D5F0000846244E1A70FDF75FFD0A20224D347054
:10D600004443224B2A5D224F53F822303B60214B8A
:10D61000FF221A70204B00241C703B681B789C4230
:10D6200004DA2046FFF76EF90134F6E714211320DF
:10D6300002F068FC20234FF4F0724FF49071002048
:10D6400002F062FB33780A2202FB03550123D5F86E
:10D650000220511E11F8010F18B10A2808BF01332A
:10D66000F8E70B214B43203303EBD3735910C1F57B
:10D67000A071BDE8F8400A2002F0DABCF8BD00BF96
:10D68000087B0020D77A0020684C0108B84B0108BD
:10D69000D87A0020E4030020DC7A0020062804D198
:10D6A000044B1B7F042B08BF102009B1FEF74EBFAF
:10D6B000FFF796BF08030020124B93F91C20B2F12C
:10D6C000FF3F1DD010B40C2404FB023393F8292033
:10D6D0000123934013F0180F01D0A0420DD10A4A44
:10D6E0001A4032B10123834013F4A85F1CBF0130FC
:10D6F00080B25DF8044BFFF7D1BF5DF8044B704773
:10D70000704700BFF808002004003C0061B3F0B58A
:10D7100085B006460C4602F015FF0546E0B1D0ED97
:10D72000027AF8EE677A04F1080717EE900AF2F72A
:10D7300037FFCDE90201686807EE900AF8EE677AD4
:10D7400017EE900AF2F72CFF094ACDE900012021DB
:10D750003846F5F7C7FB00E06660064B1B88B3420E
:10D7600004D10123E37001E0F9F79EBE05B0F0BDDE
:10D770007D3F0108128B002038B50B4C054641B1A6
:10D780000A4B9A8C14F810301A420BD00123CB703C
:10D7900008E0074B04EB45041980FAF761F8054BE4
:10D7A00062781A7038BD00BF204B0108F8080020CD
:10D7B000F07A0020E403002069B138B505460C4634
:10D7C000FDF760F8054A064B284110F0010F08BF2D
:10D7D0001346636038BDFDF781BC00BF913F01086F
:10D7E0008B3F010810B4164C0C2202FB004203468A
:10D7F00092F8282099B172B1821D0A70114A92F9EB
:10D800000020824204BF05220A7094F91C20824243
:10D8100004BF0122CA705DF8044B4B6070473AB1F7
:10D8200094F91C10814203D05DF8044BFAF7DAB981
:10D83000B2FA82F15DF8044B49091846FAF73ABA90
:10D84000F8080020E403002038B5044651B10D4625
:10D85000F8F7ACF980B284420CBF03200220E870D4
:10D860006C6038BDBDE83840C0B2F8F793B900002D
:10D870000A4A92F86C3021B1094A52F823304B60C1
:10D8800070470133DBB2022B94BF82F86C3082F810
:10D890006C1092F86C00FBF7B1B800BF08030020D1
:10D8A0009C4B0108002940F08380F7B5414A13687A
:10D8B00003F07F3323F0FE43009352683E4B134046
:10D8C0003E4A019305461446084612F8011BD1B1A1
:10D8D00001303039062802F8011CF6D1237861782E
:10D8E000A278207941EA0311E37843EA02136279CE
:10D8F00042EA0012C9B2DBB2D2B2182D21706370B5
:10D90000A27039D105E0C0F10602204403F02AFDDF
:10D91000E4E70BB9012302E0122B01D91223637053
:10D9200067780AB901231EE07800254B4FF03B0CC5
:10D93000C0F12006B0F1200523FA00F30CFA06F638
:10D9400058BF4CFA05F543EA060358BF2B4303F0D2
:10D9500003031C330A25B3FBF5F005FB103343EA40
:10D960000013934200DAA370A3788DF806108DF8A7
:10D9700005708DF8043014E0232984BF2321217021
:10D98000592B84BF59236370592A84BF5923A3702C
:10D9900023788DF8023063788DF80130A3788DF804
:10D9A0000030DDE9001003B0BDE8F04003F00AB834
:10D9B000704700BF002800403F1FFF00DC7A0020B6
:10D9C000CCEE0B007D4B2DE9F3411F687C4E07EB3D
:10D9D0004000C4783046F3F71BF97A78002A40F00B
:10D9E000BE80A4F10D03092B054632D8002800F0B3
:10D9F000DF80022B1CD8FEF7B5FD0C3C04EB440481
:10DA0000A4B223180C2BC4BFC0F10C04A4B206446A
:10DA100000217378327803B10AB9B170302306F867
:10DA2000012F013CA4B206F8013C002CF1D1BAE070
:10DA3000A4F11003032B00F2B680624B019304F1B2
:10DA400008030DEB0304354414F8143C33546A7096
:10DA5000A9E05D4B1A784FF04073134113F00107B2
:10DA600014BF4FF006084FF00C080C2C01D158B928
:10DA70009EE00B2C13D133782D2B4FF00C0205D1E7
:10DA8000711C304603F054FC013D1BE03146701C14
:10DA900003F04EFC2D234545337013DA11E0404569
:10DAA00010DA092C02DC303434540AE00A2C09D193
:10DAB000FEF758FD854205D1B8F10C0F02D12E2397
:10DAC000735501350023735587B9FEF74BFD0325C8
:10DAD00090FBF5F505EB4505401BC0F1020044F64F
:10DAE000241545FA00F020F0010500E0542514212A
:10DAF000132002F007FA324E4FF0620816F8017B4D
:10DB00003FB32E2F02D12D010A2708E02D2F03D17C
:10DB100025F003050B2702E0303F092FEED805F072
:10DB2000010202EB82025400023422464444404681
:10DB3000162340F22511A4B202F0E6F8214640F285
:10DB40002512F8B2103402F011FB6D081FFA84F8A8
:10DB5000D4E716231C2240F2251140461EE0162C65
:10DB600001D128B31FE01A2C02D108B3421E04E0F1
:10DB700012281ABF3454421C02460023B354142105
:10DB8000132002F0BFF9022340F2251231210C4884
:10DB900002F002FB16230E2240F2251102B0BDE86E
:10DBA000F04102F0B1B8084B00211878FEF7CEFC26
:10DBB00002B0BDE8F041FFF735BC00BFD87A0020C5
:10DBC000DC7A00206D756E70D77A002001282DE96F
:10DBD000F041224D07D195F9000000283CDBBDE85B
:10DBE000F041FFF7EFBE1E4E33681C780246013C41
:10DBF00095F90030D6F800E002F0200C184600211C
:10DC000067B202F01002BCF1000F05D0013B5BB21D
:10DC1000002BB8BF3B46012132B101335BB2A342B6
:10DC20004FF00101C8BF00230EEB430898F80380B2
:10DC3000B8F1FF0FE7D001B12B70FEF763FE95F945
:10DC40000000FEF75FFE42F21070F3F789FAFEF76C
:10DC500067FD02460028CBD1BDE8F081E403002037
:10DC6000D87A002070B5264D6C7F09B14C6070BD2C
:10DC70000321042002F046F92823A1228C219C20B4
:10DC800002F042F81F4A1F4E23469321B82002F0AB
:10DC9000CFF91D4AA221A32002F0CAF9FEF71AFD0E
:10DCA00010F0300F20D0C20648BF0534830648BFAD
:10DCB000053C642CA8BF642424EAE474234632465D
:10DCC0009321B82002F0B4F904EB441000F52F7052
:10DCD00080B202F02BFF44F62060F3F741FAFEF722
:10DCE0001FFD0028DFD1D9E70128D7D140F202403B
:10DCF0006C77FDF7EBF9BDE87040FFF793BB00BF11
:10DD000008030020973F0108A93F0108F8B5FEF776
:10DD1000A7FD042002F036FDB0F5FA6F264F3ED97C
:10DD2000264C4FF48033A36140F6030207214FF0E5
:10DD3000904002F0D1FF042002F024FD4FF0904605
:10DD40000223A36101224FF40003B361114605468B
:10DD5000204602F0C1FF01220721304602F0BCFF3D
:10DD600000221146204602F0B7FF40F603020621CA
:10DD7000304602F0B1FF032002F004FD0446FEF736
:10DD80007BFD042002F0FEFCB0F5FA6F03D90C4BCA
:10DD90001C800C4B1D8000233B70012003E0387871
:10DDA000431E58425841084B1A7882421CBF1870D3
:10DDB000C0F10300F8BD00BF067B0020000400484E
:10DDC000FE7A0020007B0020FC7A002008B5FFF7D7
:10DDD0009DFF0328FBD108BDF7B506460F4601207D
:10DDE00000211C46154602F08DF802F025F80C4B78
:10DDF000009309231A463946304602F099F82B461B
:10DE0000084A9A21B12002F013F9FFF7DFFF064B11
:10DE10001B882380054B1B88638003B0F0BD00BFC7
:10DE2000645B0108C03F0108FE7A0020007B0020EF
:10DE300070B5214B214A1D686B7832F8334084421B
:10DE400038DC02EBC30253888B4233DC001BCB1A55
:10DE5000D1889288B0FBF2F02A46B3FBF1F303F0CD
:10DE60000F0343EA001312F8021BDBB20024A142A5
:10DE700020DD12F81400984201D00134F7E705EBD9
:10DE80004405EB78FF2B15D00D4D95F9006060B27D
:10DE90002870FEF737FD3046FEF734FDFFF796FF9A
:10DEA0002046FF232B70FEF72DFD2046BDE8704075
:10DEB000FFF788BD70BD00BFD87A0020A84B0108CD
:10DEC000E4030020104B93F91C2091B110B50C46CF
:10DED000511C1BBF0C2101FB0233002393F82B3094
:10DEE00083420CBF03230223E370FCF7C5FC606090
:10DEF00010BD511C07D00C2101FB023383F82B000D
:10DF00002220FDF7E3B87047F808002070B5304CC8
:10DF1000064694F91D00F9F7A7FB002857D0032EF9
:10DF2000054606D002D9062E2CD04CE001463046DC
:10DF300025E094F91E00411C03D094F91D30834262
:10DF40000ED1D4E90132590801EB520103F001036B
:10DF500019448D4234BF491B691A490003200EE061
:10DF6000F9F782FB044690B3854202D92B461C4642
:10DF7000054629460020F9F781FB21460120F9F7E3
:10DF80007DFB20E094F91C305A1C1CD00C2202FBB3
:10DF90000343104993F82A5094F91D3004EBC3034E
:10DFA00004EB8504B3F85A0040F6F8236B4303EB07
:10DFB000C0031944FBF7CEF9D4ED277A284630EE9A
:10DFC000270AF9F76DFFBDE87040FFF72BBA70BD67
:10DFD000F8080020AC4000202DE9F04F554BDFF849
:10DFE00064811A78544BDFF860B153F822408FB047
:10DFF000814601260027002C00F087800123BB40CA
:10E0000013EA090F75D004238DF81130FF238DF822
:10E0100013309BF80030012B09D1484B93F90030A5
:10E02000BB4204D105238DF81030612303E00323A4
:10E030008DF8103091238DF812302378032B0DF1D9
:10E04000100A16D100238DF81830D4F806303BB9E9
:10E05000059BD4F80220202106A8F4F743FF06E030
:10E060006078514698479DF81830002BF0D006ADE7
:10E0700001E0D4F80250B8F80030CDF800A0B1B2F9
:10E080005B2240F285100391FEF790FB9DF913206F
:10E09000002A16DBB8F80030039929480B3B03EB44
:10E0A000D37301EB6301162302FB030300930B23DD
:10E0B0004FF4C5701A4689B201F03AFF4FF4CC70A4
:10E0C00001E04FF4C6706A1E012312F8011F19B156
:10E0D0000A2908BF0133F8E7B8F800106FF00A0208
:10E0E00002FB031101EBD1712A4606EB610101F03D
:10E0F0009FFFA37A01370BB10A3400E02469B8F816
:10E100000030102F1E447FF476AFB6F5987F0EDCFA
:10E11000002001F0EBFEC6F5987301335B22314617
:10E1200040F285100FB0BDE8F04F01F0EDBD0FB02B
:10E13000BDE8F08F027B0020D0030020E403002024
:10E140009C4A0108AE030020087B0020074B1A7888
:10E15000074B53F82230002033B19A7A0AB10A33C0
:10E1600000E01B690130F7E7704700BF027B002029
:10E17000D003002008B5FFF7E9FF0C4B93F900200E
:10E18000002A01DAFF2202E0824201DB421E1A70FD
:10E190001028A8BF1020082840F23113B8BF08206B
:10E1A000B3FBF0F0024B188008BD00BFE403002071
:10E1B000AE03002010B50D4C39B194F821308342E4
:10E1C0000CBF03200220C87010BDC0B2FCF7C2FF14
:10E1D000074B94F821101A78064B53F82110064B80
:10E1E000BDE8104043F82210FFF7C4BFF808002034
:10E1F000027B0020B0030020D003002008B5074AAE
:10E2000013784BB10146013B1370FFF7B3FF19B10F
:10E21000BDE80840FFF706B908BD00BF027B00203B
:10E220000020FFF7EBBF00007FB519B306460C4690
:10E2300002F088F90546D8B1D0ED027AF8EE677A97
:10E24000083417EE900AF2F7ABF9CDE902016868DD
:10E2500007EE900AF8EE677A17EE900AF2F7A0F947
:10E260000C4ACDE9000120212046F4F73BFE0EE0E8
:10E2700066600CE002F036F948B90120FFF7BEFFF6
:10E280004FF4826004B0BDE87040FCF71FBF04B0DB
:10E2900070BD00BF7D3F010808B5084B01224FF457
:10E2A000BB7040F231111A70FCF706FFFFF762FFF6
:10E2B000BDE808404FF0FF30FFF78EBE087B00201E
:10E2C000F8B5034610F0010008D0654B1B78012B10
:10E2D00000F0C480BDE8F840FFF7DEBF614A117F5F
:10E2E000032903D8012934D819B1B7E0042976D01D
:10E2F000B4E05D4D95F91D20511C00F0AF800B324C
:10E3000015F83220002A00F0A980082495F91D0094
:10E3100005EBC0029F06B2F85A1044BFA1EBD4012E
:10E3200021EAE171DE0606D56B8B01EBD4018B424D
:10E33000D8BF03F1FF31F9F71FF895F91D00FEF77B
:10E3400037F8FEF7EDF90134A4B203460028DDD119
:10E3500084E0454A158B5069022905F0400503F019
:10E36000100703F020060AD15468D5B195686308F8
:10E3700003EB550304F001041C440D4611E09468BE
:10E3800075B15368E41AA0B927B1A0000130FEF7B7
:10E39000F5F804469EB1601EFEF7F0F804460EE064
:10E3A000012538B9D2E90130C01A8008FEF7E6F835
:10E3B00000E0032507B1044416B1241A00E0032548
:10E3C000FEF7AEF90028FBD1284BA4F516729A424D
:10E3D00044D821462846BDE8F840F9F74FB9224A0B
:10E3E00092F91C104C1C04D00C2000FB012191F868
:10E3F0002A00D2ED297AF5EE407A02EB8001F1EEA7
:10E4000010FA03F0100291ED270A03F0200319D14E
:10E41000DFED177A9FED177AB5EEC00AF1EE10FA2C
:10E42000D8BFF0EE477A2AB1B7EE007A37EE877A96
:10E4300020EE070A63B1B7EE007A77EE677A20EE36
:10E44000270A05E00AB130EE270A0BB130EE670A61
:10E45000F9F726FDFEF764F90028FBD1F8BD00BFEF
:10E46000087B002008030020F8080020A8B8EEA0D0
:10E47000CDCC4C3ECDCC4CBE054A1378032B9CBF73
:10E48000013313701278034B43F82200FFF772BE7A
:10E49000027B0020D003002039B1064B93F91C30D9
:10E4A0005A1C05D006330B7070470348FFF7E4BFD2
:10E4B000704700BFF8080020E859010819B1034B64
:10E4C0005B8B4B6070470248FFF7D6BFF80800200F
:10E4D0004859010819B1034B1B6E4B607047024845
:10E4E000FFF7CABF080300202C58010819B1034BDD
:10E4F0009B684B6070470248FFF7BEBF08030020CF
:10E50000B4550108034B93F82120034B53F8220024
:10E51000FFF7B2BFF8080020B003002039B1054B67
:10E5200010B5588B0C46F8F757F9606010BD0248DB
:10E53000FFF7A2BF08030020884E0108084659B122
:10E54000074BDB7FFF2B0AD00133DBB2054A5B00B0
:10E5500020210830F4F7C6BC0348FFF78DBF704791
:10E56000F8080020CB3F01081056010808B5194BE8
:10E570001A78194B53F82230013807D3002BFBD0FF
:10E580009A7A0AB10A33F7E71B69F5E70BB31A78F1
:10E59000022A08D0032A0CD0012A10D1D3F8060091
:10E5A000FFF76AFF0BE0D3F8062042B15878904796
:10E5B00005E0D3F8062012B1587800219047074BA8
:10E5C0001B78012B05D1BDE808404FF0FF30FFF765
:10E5D00003BD08BD027B0020D0030020087B002083
:10E5E00010B50446F9F78CF90020FFF707FE24B9AF
:10E5F000BDE810400148FFF73FBF10BDDC560108E1
:10E600002DE9F3412E4B044693F91C00421C54D0D3
:10E6100024F080050E46ADB2C4F3C01479B30C22C9
:10E6200002FB003292F82910A94205D192F82A2063
:10E63000A24204BF0122F2700C2202FB00332846E2
:10E6400093F82B804146FCF703F9032D07467060D1
:10E6500033D114B940F2FF1301E041F6076343FAE6
:10E6600008F3DB0729D54046FCF706F9154A009068
:10E670003B46202106F10800F4F734FC1DE0032D91
:10E6800014D10C2202FB003393F82920032A0DD168
:10E6900093F82A30A34209D10B4A0C48002B18BF2B
:10E6A000104602B0BDE8F041FFF7E6BE224629461B
:10E6B00002B0BDE8F041F9F7CBBA02B0BDE8F08195
:10E6C000F8080020D93F0108C85301086453010825
:10E6D000B0F5C37F38B51CDB114B1C88FFF736FD46
:10E6E000013991FBF4F4A04213D90E4D95F90000C5
:10E6F0002C70012303FA00F0A3401843FFF76CFCD1
:10E70000FFF764FBFF232B702046BDE83840FFF77E
:10E710002DBFFFF75BFBBDE83840FEF783BE00BFAF
:10E72000AE030020E403002070B50146FFF70EFDA4
:10E7300011F0010F194C85B201D101260CE094F9BA
:10E74000000083B2AB4203D3BDE87040FEF76ABE5F
:10E75000BDE87040FFF70ABF94F90030CA0606FA18
:10E7600003F044BF013323708B0602D52378013BAD
:10E77000237094F900309AB2AA42E5D206FA03F364
:10E780001843FFF729FC42F21070F2F7E9FCFDF79D
:10E79000C7FF01460028DFD170BD00BFE4030020A1
:10E7A00070B58CB040F20343ADF8083000230C463E
:10E7B00015468DF80A3080B102AB06460093B422AC
:10E7C0003C2378219620FDF7F1FF32467D21A020E1
:10E7D00001F02EFC0220FCF779FC8CB10121042011
:10E7E00001F090FB2623AE228B21992001F08CFAB8
:10E7F00022469921AA2001F01BFC0220FCF766FCAE
:10E800000D4C6C434FF47A7304F2E734B4FBF3F429
:10E8100041F28833002D08BF1C462046F2F7A0FCC9
:10E820003DB9FDF757FF012803D0FFF76FFA022823
:10E83000F3D10CB070BD00BFA08601002DE9F041FE
:10E840003D49AAB0054601223C48F6F743F940B1DC
:10E850003B493C484FF4FA62FFF7A2FFFEF7E2FDA6
:10E8600067E0394B394A1B7833491B0114A8D35848
:10E870002893F6F7E1FC04460028E9D16A1EC2EBB2
:10E8800002125200032096B201F030FB304F06F125
:10E890001D0804A914A8FEF783FB90B9A64208DC62
:10E8A000A04506DBC6F104000DF12A012044FEF765
:10E8B00097FD3B880134002BEBD006F11E03A342E9
:10E8C000E7D114A8F6F700FD3B885BB93C8034B172
:10E8D000A2B21D321E23B2FBF3F292B200E001227B
:10E8E0001C4B1A80A41B1D2C0FDC201D02A9FDF758
:10E8F000EDFD9DF80E30BDF80C20BDF80A10BDF8F6
:10E90000080001F001FA0134EDE714234FF4F0722E
:10E910004FF49671002001F0F7F9FEF767FD0D4BFB
:10E920000D4A1B88009340F231112B46DB2001F089
:10E930007FFB2AB0BDE8F081BD400108D4880020EB
:10E94000E13F0108E93F0108D77A00202C4B01087C
:10E95000D47A0020047B0020EF3F01082DE9F0412C
:10E960002E4E06EB01138AB05F68002F52D02C4A5E
:10E97000127804460D464FEA011832B1DB68DB0716
:10E9800003D5FEF74FFDFCF7F9FB56F8082002AE61
:10E9900084B924490B684968019203F07F3323F05E
:10E9A000FE430093204B214A0B4030462021F4F7D0
:10E9B00099FA06E0009223461D4A20213046F4F7DA
:10E9C00091FA1C491C480122F6F784F8044668B9FC
:10E9D0001A480B223146F6F7A1F8044630B9174819
:10E9E0002946B84704461548F6F718FC144B1B781F
:10E9F000012B01D1F7F7EAF8124913484FF4FA62F4
:10EA0000002C08BF3146FFF7CBFE0A20FCF75EFB67
:10EA1000FEF708FD0AB0BDE8F08100BF2C4B0108ED
:10EA2000087B0020002800403F1FFF000A4001082B
:10EA30001B400108BD400108D488002084860020C6
:10EA4000D67A0020FB3F01082140010810B5104B89
:10EA5000104A1B7803F00103044613700BB1F7F75B
:10EA6000B5F80D4B022C9B8A03D113F4007F18BF1D
:10EA70000324DB0705D5E1B20020BDE81040FFF715
:10EA80006DBF04F11B00BDE81040FEF7A9BD00BF3B
:10EA9000A8030020D67A0020080300202DE9F04FBB
:10EAA0002DED028B85B0A0F10F03904F02934FF430
:10EAB000617306460391BB4600934FF0FF3A002472
:10EAC00001919BF82830EBB1B9464FF0000865B2D0
:10EAD00099F858307BB1BDF90C30BDF90820B9F870
:10EAE0005A102846FCF7A0F8009B984203DA08EE7B
:10EAF000104A0090C24608F10108B8F1080F09F168
:10EB00000809E5D10134042C0BF10C0BD9D1BAF171
:10EB1000FF3F019D37D0754B93F91D2052451CBF17
:10EB20009A7783F81DA03B8B002023F080033B8362
:10EB3000FDF746FD18EE100AF9F754F803A902A8EC
:10EB4000FEF73CFBDDE9020197F91C200F38FCF7CA
:10EB500085F8011E0EDB97F91D0007EBC003B3F823
:10EB60005A30994206D0F8F707FC97F91D00FDF7D7
:10EB70001FFC03E041F28830F2F7F2FAFFF7C6F823
:10EB80000328DBD1ACE0B5F5987F11DBA6F1CE030D
:10EB9000782B09D8FFF71AF9022005B0BDEC028BDB
:10EBA000BDE8F04FFFF752BFB5F5987F03D13AE0CB
:10EBB0001D2D0ADD37E04D4B1B8BD90733D4B6F53D
:10EBC000A37FB4BF022403240AE0EF2E01DD00245A
:10EBD00006E0F9F7B7F9B5EE400AF1EE10FAF6D013
:10EBE000FFF7F4F82046FDF7EBFC002878D1032C62
:10EBF00009D0042C15D0022C72D13C4B188B40113B
:10EC000000F0020006E0394B1B8B13F0400F14BFDD
:10EC10002046012005B0BDEC028BBDE8F04FFEF7A9
:10EC2000DFBC0F20F6E7314B93F91C40621C4AD041
:10EC30000C2202FB043393F82920032A43D00A3E16
:10EC4000142E40D8B5F5997F3DDA4B2DD3ED0C7AD3
:10EC500093ED0B0AB6EE007A02DC37EE878A21E0EC
:10EC6000972D0CDCB8EE008AF0EE486AE7EE876A72
:10EC7000B1EE008A30EE000A36EE888A12E0E32D0B
:10EC80000EDCBAEE008A20EE070AF0EE006AB0EE63
:10EC9000487AA7EEA67AB1EE008A37EE088A01E03C
:10ECA00037EEC78A2046F8F7ABFF2046B0EE480A99
:10ECB000F8F7BAFF44F6206005B0BDEC028BBDE862
:10ECC000F04FF2F74DBAFFF781F8094B1B78012B93
:10ECD00006D005B0BDEC028BBDE8F04FFFF7DCBA03
:10ECE00005B0BDEC028BBDE8F08F00BFF808002036
:10ECF000087B002019B9C1B20148FFF72FBE704749
:10ED0000DC7A0020022800F0EB8001DC09D120E051
:10ED100003281ED1744A138883F001031380FEF781
:10ED200065BB724B198830B94A1E92B21A805AB923
:10ED30006F4A128807E06E484A1C008892B29042DF
:10ED40001A8001D201221A801888814200F0CA80FC
:10ED5000C1E02DE9F04FDFF89481664EB8F800402D
:10ED600032881E23013C043803FB0404A3B29A42F8
:10ED7000A9B040F29F80604960480122F5F7AAFEE1
:10ED8000002840F09780DFF884915D4F3B785A4926
:10ED90001B0112A859F803302693F6F74DFA002804
:10EDA00040F08880254602A912A8FEF7F9F810B9AC
:10EDB0000DB1013DF7E712A8F6F786FA002D79D1DB
:10EDC000494B1B88DB0704D50DF12200F6F7BEFA8C
:10EDD00070E03B7809EB0313D3F808A0BAF1000FF9
:10EDE00068D02946012001F08DF8464801220DF136
:10EDF0002201F5F793FE00285CD13A78414802A938
:10EE0000D04782463F48F6F709FA3B7809EB0313EF
:10EE1000DD6805F00205BAF1000F0BD001F00CF827
:10EE2000002D14BF64224FF4FA620DF12201504606
:10EE3000FFF7B6FC002D3DD0DFF8D4B0A246FDF7B9
:10EE400049FCC5065ABF80F0200545F34015012551
:10EE500010F0010F18BF0225FEF758FF013880B2ED
:10EE600001280FD801A96846FEF7A8F9009B9F2B3F
:10EE700005DDB3F5A07FB4BF0225012500E0002524
:10EE8000FEF7A4FF5846F9F76BFC25B9013C0ED5F7
:10EE90003488013C0BE0012D05D133880134A342B5
:10EEA000D8BF002403E0022D04D0A246C7E7A24544
:10EEB000FBD06BE70C4A1388D9070ED500213180AF
:10EEC0001149FF200870B8F8000023F001031380F7
:10EED00029B0BDE8F04FFFF7B1BC29B0BDE8F04F55
:10EEE000FEF7A0BA704700BFD07A0020D27A002087
:10EEF000047B0020D47A0020BD400108D488002083
:10EF0000D77A002084860020E40300202C4B0108DF
:10EF1000A0BB0D002DE9F7431C4F06460D46FDF73B
:10EF2000F9FA97F900908046002444452BDC6946A5
:10EF30002046FDF7CBFABDF80020B2420DDCBDF84B
:10EF400004301344B34208DDBDF80220AA4204DCB9
:10EF50009DF806301344AB4201DC0134E5E760B2B2
:10EF600000213870FEF73CFA00214846FEF738FAD7
:10EF7000FEF72CFFFF23204600213B70FEF730FAFE
:10EF80002046FFF7BFFE03B0BDE8F083E403002096
:10EF90000128F8B51B4D07D195F90000002830DB9A
:10EFA000BDE8F840FFF7AEBE0446FDF7B3FA002710
:10EFB0000646A20695F9000005D5431E5BB2002B5C
:10EFC000ACBF2B702E70E30606D52B7801335BB2F5
:10EFD000B342D4BF2B702F7095F90030834207D015
:10EFE0000021FEF7FDF995F900000021FEF7F8F980
:10EFF00042F21070F2F7B4F8FDF792FB04460028D5
:10F00000D7D1F8BDE403002070B50F4D0F4AAB8A8D
:10F0100013F0800318BF02234FF00C0103F1060325
:10F0200014BF0024022405EB43030846FEF7D4FE78
:10F03000A31D05EB4303064ABDE8704040F22B11C7
:10F0400040F2CB10FEF7C8BE080300202E40010896
:10F050003940010810B5002186B0012000F052FFB0
:10F0600000F0EAFE194A1A4C40F235110F2000F068
:10F07000DFFFFDF72FFBC30726D4FEF747FE02286C
:10F08000F7D103A902A8FEF799F8039B0093224643
:10F09000029B1E210A2000F0CBFF41F28830F2F7DC
:10F0A0005FF805A904A8FEF789F8DDE90423DDE986
:10F0B000020100F06DFE049B0293059B0393FEF793
:10F0C00025FE0328E1D1D4E706B010BD4540010874
:10F0D000744001082DE9F04786B0042800F2A080B2
:10F0E000DFE800F0030609929A00FFF78DFF97E032
:10F0F000FFF7B0FF94E00021012000F003FF00F0D3
:10F100009BFE05224B484C4F0323114601F044F867
:10F110009026242457F8045B6DB17608F107234646
:10F1200004F10504F9D403F10D042A462146052013
:10F1300000F07EFFEEE7414BDFF81891D3F8B427DB
:10F140000192D3F8B0270092D3F8AC373C4ADFF8ED
:10F1500008813C4F04F10D01052000F069FF3A4B96
:10F160003A4A5B6E04F11A01052000F061FF384A4B
:10F1700040F233114FF4AA7000F05AFF04F1340A40
:10F18000FEF7C4FD0228AEB24AD0FDF7A3FAC207CB
:10F1900046D44FF47A60F1F7E3FF730701D00135ED
:10F1A000EEE701F0C3FB064601F0D6FBD9F82030AC
:10F1B00003F44073B3F5807FC6F3074CC6F3072E04
:10F1C0000CBF45234923C0F30722C1B2F6B2CDE9F3
:10F1D0000021CDE904634246C0F307435146CDE91F
:10F1E00002CE052000F024FF01F0DCFA4FF47A7221
:10F1F000B0FBF2F302FB130000903A4604F1410128
:10F20000052000F015FFCAE701F026F9012006B03D
:10F21000BDE8F047FEF7F2BF01F0ECF9FDF708F9A1
:10F22000FEF700F940F21A3006B0BDE8F047FBF7F0
:10F230004DBF00BF7D4001088003002000F0FF1F8C
:10F2400089400108EB400108080300209C400108A8
:10F25000A840010800100240BE40010808B5FDF7B3
:10F26000FFFA0021012000F04DFE00F0E5FD044A08
:10F270001421052000F0DCFEBDE80840F3F758BA81
:10F28000FA400108FFF7EABF38B5184D0123834063
:10F29000AA8A04469BB211B922EA030303E00129BA
:10F2A0000CBF13435340AB82AB8A93421DD0104B2B
:10F2B000062202FB04339888FBF708FF032C07D0D3
:10F2C000072C09D0022C10D1BDE83840F8F7C4BE95
:10F2D000BDE83840FBF70CBCA88AC0F3C01000F0B2
:10F2E000DDFCBDE83840FBF749BF38BD080300200E
:10F2F000C05B0108B1B138B5062343430C460B4946
:10F30000CD580B4B9B8A43FA00F000F001000DB979
:10F31000E0700AE020B12846F1F77AFC013005449C
:10F32000656002E00221FFF7AFBF38BDC05B010896
:10F330000803002038B50E4D2B78032B17D0002181
:10F3400004460846FBF7B8FE03232B70094B0A4A14
:10F350001C700A4B0120188000231380084AFF21EB
:10F360001170084A1380BDE83840FFF767BA38BD0E
:10F37000087B0020D77A0020D47A0020D27A00209F
:10F38000E4030020D07A0020022805D1034B9B8A99
:10F3900013F4007F18BF0320FFF7CCBF0803002041
:10F3A0000148F9F7B5B800BFDC7A002013B50E4C60
:10F3B000A1B1D4ED297AF5EE407AF1EE10FA11D030
:10F3C00017EE900A01F10804F1F7EAF8074ACDE9CF
:10F3D000000120212046F3F785FD03E0FFF7E0FF61
:10F3E00084ED290A02B010BDF80800204B41010845
:10F3F00070B52DED048B384DDFED388A95F91C3052
:10F400000C2202FB035393ED0C7AD3ED0B7A93F8A5
:10F410002960B2EE008A78EEC78A38EE478A68EE35
:10F42000A78A28EE278A86B0044639B3002818BF79
:10F43000B0EE688A2A4A2B4B062E04BFF7EE007AFC
:10F4400038EE278A002818BF1346274A059301F192
:10F4500008051C2101FB062618EE100AF26802922C
:10F46000F1F79EF8059B214ACDE9000120212846AD
:10F47000F3F738FD06B0BDEC048B70BDFFF790FFCD
:10F48000062E08BFF7EE007AB0EE409A08BF30EEC5
:10F49000679A002C18BFF0EE498A08BFB0EE498A7F
:10F4A00038EE680AF4EE007A20EE270AF4EE488A75
:10F4B000F1EE10FA18BF88EE809A95F91C00F8F763
:10F4C0009FFB95F91C00B1EE490A06B0BDEC048B18
:10F4D000BDE87040F8F7A8BBF80800200000000065
:10F4E0005F4101085B410108C03B0108664101081A
:10F4F00030B5134B85B093F91C50C9B10C2000FBFB
:10F50000053301F108040F4A93F829101C2000FB71
:10F510000122D2680292D86AF1F742F80A4B0B4AEC
:10F52000CDE9000120212046F3F7DCFC05B030BD19
:10F53000FFF736FF284605B0BDE83040F8F760BB5E
:10F54000F8080020C03B0108734101087941010817
:10F5500037B50F4B93F91C5089B10C2000FB0533D4
:10F5600001F10804186BF1F71BF80A4B0A4ACDE9C0
:10F57000000120212046F3F7B5FC03B030BDFFF7B2
:10F580000FFF284603B0BDE83040F8F74DBB00BF81
:10F59000F80800208A4101089741010830B5154A52
:10F5A00092F91C30581C1CBF0C2000FB032385B0B3
:10F5B00014BF93F82A50002599B102EB85026B1C09
:10F5C000D2F89C00039301F10804F0F7E9FF039BD4
:10F5D000094ACDE9000120212046F3F783FC05B05C
:10F5E00030BDFFF7DDFE284605B0BDE83040F8F736
:10F5F00057BC00BFF8080020A241010808B521B19E
:10F60000054BD3F8A8304B6008BDFFF7C9FEBDE835
:10F610000840F8F7AFBC00BFF80800201FB5104C39
:10F62000B9B1D4ED007AF5EE407AF1EE10FA14D0CB
:10F630000C4B029317EE900A01F10804F0F7B0FFAB
:10F64000094B0A4ACDE9000120212046F3F74AFC84
:10F6500003E0FFF7A5FE84ED000A04B010BD00BF73
:10F66000585F0020C5410108B84101086641010802
:10F6700010B5054C11B1A36E4B6003E0FFF790FE8F
:10F6800084ED1A0A10BD00BF0803002010B529B18F
:10F690000C4601F023FA84ED010A10BDFFF780FE4D
:10F6A000BDE8104001F0FAB90148F8F70BBF00BF00
:10F6B000DC7A002010B50446E9B1062C084609D1D1
:10F6C000114B5B69FBB1BDE81040104A20210830A6
:10F6D000F3F708BC052C16D10B4AD2E90113528B63
:10F6E0005B1A013AB3FBF2F307EE903AF8EE677A51
:10F6F000C0ED017A07E0FFF7D7FF01462046BDE8DD
:10F700001040F7F7BBBF10BDF8080020C741010843
:10F7100010B5044C11B1238B4B6002E0FFF7C4FF1E
:10F72000208310BD0803002010B5044C11B163689C
:10F730004B6002E0FFF7B8FF606010BD08030020D7
:10F7400008B519B1044B5B6E4B6008BDFFF7ACFF09
:10F75000BDE80840F9F734B90803002010B5054C9E
:10F7600019B194F899304B6003E0FFF79DFF84F8DE
:10F77000990010BDF808002008B519B1054B5B8B46
:10F780004B6008BDFFF790FFBDE8084080B2F7F777
:10F79000BFBE00BFF808002013B5144C2378DA0769
:10F7A00008D5FCF797FF28B1114B1A78114B53F885
:10F7B0003230984723789B0711D5FEF7A7FA013816
:10F7C00001280CD801A96846FDF7F8FC084B1A7807
:10F7D000084B03EBC203DDE900015B689847FDF7C6
:10F7E000DBFC0023237002B010BD00BF037B0020B0
:10F7F000087B0020785B0108024A137843F001037C
:10F8000013707047037B0020024A137843F0020311
:10F8100013707047037B0020054B1870481C1CBFF9
:10F82000044B1980531C1CBF034B1A80FFF7ECBF1D
:10F83000067B0020FE7A0020007B002008B500F047
:10F8400053FF01F0CBFA0121084601F0D7FA01215C
:10F85000022001F0D3FA0121032001F0CFFAFDF7D5
:10F860000BF801F007FB08480A2101F017FBFDF730
:10F8700093FC064B587F00EB4010BDE8084000F5B4
:10F880002F7001F053B900BF0004004008030020AE
:10F8900005494B6B002BFCD1034A0B63136A002B09
:10F8A000FCD1D361704700BF0000024010B4094A88
:10F8B00093681B06FCD4084940238B61136823F02E
:10F8C00038034FF00064184310608C615DF8044BFE
:10F8D000704700BF0030014000040048024A9368AE
:10F8E0009B07FCD5107370470030014049B1054AB1
:10F8F000014493689B07FCD510F8013B13738842C1
:10F90000F7D170470030014030B40C4C84461046AB
:10F91000A3681A06FCD40A4B084D4FF480029A6182
:10F920004FF400029A6184F80CC0AB681B06FCD44B
:10F93000034B802230BC9A61FFF7D8BF00300140F2
:10F9400000040048034AFF2313739368DB07FCD5C8
:10F95000107B70470030014008B507498B681B06D3
:10F96000FCD4064B4FF400629A61FFF7EBFF0B6883
:10F9700023F038030B6008BD00300140000400484C
:10F98000013989B20131074A01444FF0FF3C82F846
:10F990000CC09368DB07FCD5137B00F8013B884261
:10F9A000F5D1704700300140054B00E01A7B9A68A2
:10F9B000D107FBD49A681206F8D41B7B704700BFAE
:10F9C0000030014070B54FF0804504466E6AFFF785
:10F9D000EBFFFFF7B7FFFF2804D06B6A9B1BA34226
:10F9E000F7D3002070BD00BF08B50346084619468E
:10F9F000FFF774FF114A4FF4007041F29103D16395
:10FA000050631363536B002BFCD11363FF20FFF78C
:10FA100065FFFFF763FFFFF7C7FF6421FFF792FF62
:10FA2000FF2803D10139F9D1084606E000F01F0094
:10FA3000A0F10500B0FA80F0400908BD00000240C6
:10FA400070B54FF0804482B0656A0646FFF7ACFFA0
:10FA500042F20F71FFF776FFFE2805D0636A5B1B49
:10FA60008B42F7D9002015E00B4B0C489E624FF4F7
:10FA7000007241F2110141F281041A62DC61D86323
:10FA80005A631963FFF704FF0DF106000221FFF727
:10FA900077FF012002B070BD00000240485C010801
:10FAA00030B5020683B004460D4606D44CF2503001
:10FAB000FFF788FFFF2807D02FE000217720FFF70E
:10FAC000EFFF0128F2D93AE004F07F03290E2A0C57
:10FAD0008DF80030402C4FEA15238DF801108DF879
:10FAE00002208DF803308DF8045018D0482C1ED019
:10FAF0000123062168468DF80530FFF7F7FE4C2CF0
:10FB000001D1FFF71FFFFFF74FFF6421FFF71AFF37
:10FB1000030614D50139F9D111E0FF200FE0952338
:10FB2000062168468DF80530FFF7E0FEEBE78723F6
:10FB3000062168468DF80530FFF7D8FEE3E703B0ED
:10FB400030BD00BF034B04481B78DB0203F40063A5
:10FB5000184470470A7B0020107B0020024A0121D4
:10FB600002443620FFF7D0BE445C0108F0B51746CA
:10FB700083B00744013FBDF820600C461D4640EAB3
:10FB80000740FFF785FE40BA2544013D009044EA56
:10FB9000054464BA04216A462A200194FFF7B4FEA2
:10FBA00001AA04212B20FFF7AFFE00221146F0B27C
:10FBB000FFF7AAFE03B0F0BD2DE9F04186B02C247A
:10FBC000009415461C46DDF830800E460746FFF7C8
:10FBD000CDFF134B134AC3F83C8004FB05F1596376
:10FBE00041F29151196313785B0615D50E4BADF8B0
:10FBF0000E7093E8030015FB04F252000290ADF87A
:10FC00000C1092B202A84146ADF81060ADF8125047
:10FC1000ADF81440F8F7D8F906B0BDE8F08100BFA0
:10FC200000000240A8030020045C010870B582B007
:10FC3000164D2E26009614461E46FFF797FF2A689B
:10FC400022F0380242F008022A60FFF7ADFEFFF70B
:10FC500079FE14FB06F30E4A069C94625B009BB28D
:10FC600041F2810113620B48D16141F21101D0636D
:10FC700053631163FFF70CFE2B68074A23F0380328
:10FC800040212B60916102B070BD00BF0030014087
:10FC900000000240485C01080004004808B5FFF776
:10FCA000F7FD0028BDE8084014BF02200020FFF740
:10FCB00055BF00BF024A536B002BFCD11363704742
:10FCC0000000024010B584B004460393FFF73AFFEA
:10FCD000039B00902046FFF76FFF034A137883F0E1
:10FCE0000103137004B010BD0A7B002010B582B070
:10FCF000044C0094FFF760FF02B0BDE81040FFF72E
:10FD0000D9BF00BF107B00202DE9F04F87B02C2415
:10FD1000984691461A4D009483468A4608FB09F698
:10FD2000FFF724FF174BEB637EB14FF6FF7241F2F2
:10FD300011539642374628BF17466F632B636C6B8F
:10FD4000002CFCD1F61B2C63F3D10F4B1B785B0608
:10FD500012D50E4BADF80EB093E8030002220290CC
:10FD6000ADF80C1002A80749ADF810A0ADF812903C
:10FD7000ADF81480F8F728F907B0BDE8F08F00BFA0
:10FD8000000002400C7B0020A80300200C5C01084E
:10FD90002DE9F04F824285B0834617469A4605DA30
:10FDA0000A46BB465146034692460746BAEB010651
:10FDB000ABEB070846BFA1EB0A064FF0FF33012368
:10FDC00016EB080F039307D508EBD8756D106D423D
:10FDD000DFF86090164C04E006EBD6756D106D42AE
:10FDE000F6E72C230093CBF5F072012358460291DD
:10FDF000FFF7BCFE029900E01D46A3689B07FCD5F7
:10FE0000B9F80030A3815F4501D151450CD045457B
:10FE1000C6BFAB1B0BF1010B2B46AE42ECDDA3EBD7
:10FE20000805039B1944DCE705B0BDE8F08F00BF6F
:10FE3000003001400E7B002000214FF4A0734FF4EE
:10FE4000F0720846FFF760BF38B51D4C1D4BA26924
:10FE50001D491E4842F48052A261002540F207323B
:10FE60001D601A6041F203725A60886348621A6822
:10FE70004FF090444FF0004142F040021A604FF4BE
:10FE8000FA70A161F1F76CF94FF40043A3614FF4EC
:10FE9000FA700F4CF1F764F929460120A21CFFF714
:10FEA00033FD637802331C44C820F1F759F92078F8
:10FEB00008B16178F2E7BDE83840FFF7BDBF00BF89
:10FEC0000010024000300140000002400C300140B0
:10FED000145C0108034B03EB4000034BC28B1A80F8
:10FEE000704700BF080300200E7B0020034B03EB8C
:10FEF0004000034BC28B1A80704700BF08030020EC
:10FF00000C7B0020074B03EB400003EB410110B4D6
:10FF1000054B064CC08BCA8B20801A805DF8044BC1
:10FF2000704700BF080300200C7B00200E7B0020E0
:10FF30002DE9F04F099E63B3184CDFF868A0B4F8C0
:10FF40000080174C4FF0000927884FEA420BCE463D
:10FF50001CE055464FF0000C34461CF0070F08BF5C
:10FF600014F801EB0CF1010C08BF26461EF0800FBF
:10FF700014BF3C464446624525F8024B4FEA4E0EFC
:10FF8000EAD1DA4409F10109994502D0002AE0D109
:10FF9000F8E7BDE8F04FFFF7A9BE00BF0C7B0020DB
:10FFA0000E7B0020107B0020163800EB800330B55C
:10FFB00000EB43030A4DEC5C04F0070483B0C4F18A
:10FFC0000804A4B22B4408461146009322460B2392
:10FFD00089B280B2FFF7ACFF204603B030BD00BF4E
:10FFE000901D0108838A10B5044608465BB1012BB9
:10FFF00002D1FFF77BFF03E0022B01D1FFF76AFF7D
:020000040801F1
:100000000023A38212E0082901D8A1820EE00A2968
:1000100005D1236962680B33C4E9032306E0D4E900
:100020000312FFF7C1FFE3681844E060002010BD31
:100030000CB430B58DB010AA002452F8045B0594BE
:100040000B46CDE90830CDE90244ADF82C400790CD
:100050000A93074C019202AB294606A80494069322
:10006000F2F7F0FB0DB0BDE8304002B0704700BFC2
:10007000E5FF000816382DE9F04F00EB800400EB97
:100080004400364C9946255C354B05F007051F8822
:10009000344BC5F10805ADB21E8819FB09F387B0D2
:1000A00005FB03F35B0007EE102A039302192E4BA6
:1000B000029302F10B034FEA490404930FFA89F308
:1000C000059304FB05F307EE901A019200932FE0CD
:1000D000019BDDF8088093F800B04FF0000A08EBB0
:1000E00004025846C6464FF0000C10F0800F0CBFBB
:1000F00039463146734623F8021B9342FBD10CF17B
:10010000010C40006545A644C0B203EB0402ECD1EB
:10011000009B0AF1010AD1459844E0D1DDE90232A1
:1001200013440293019B049A01339342019303D039
:10013000B9F1000FCCD1F5E7059A09FB05F502EB03
:10014000820317EE900A02EB430317EE101A2A46B9
:10015000FFF7CCFD284607B0BDE8F08F901D0108E1
:100160000C7B00200E7B0020107B002010B500EBE4
:100170008003084C82B000EB430304EB8303084682
:10018000114600931022162389B280B2FFF7D0FEE9
:1001900002B010BD9C1901082DE9F04105780C460C
:1001A0006DB1064690461F46214628463B464246CC
:1001B000FFF760FF16F8015F0444002DF4D12046DC
:1001C000BDE8F08100F0DEBB70B582B0002865D1DB
:1001D0003F4E404B307040220A249A61FFF7B2FB39
:1001E000013CFBD13820FFF761FB21464020FFF79F
:1001F00057FC012803D0FFF7AFFB012564E04FF463
:10020000D5714820FFF74CFC0128054626D1042172
:100210006846FFF7B5FB304B009A9A4205D0FFF7CE
:100220009BFB51E0F0F79CFF00E064244FF080411D
:10023000E920FFF735FC01464FF47A7081B3013CA9
:10024000F0D132E004210DEB0100FFF799FB019B97
:1002500013F0400F14BF8A2482241AE02146E920BB
:10026000FFF71EFC012894BFE9254125642401E025
:10027000F0F776FF00212846FFF712FC03464FF403
:100280007A70CBB1013CF3D10FE0E92D0CBF812492
:100290008324FFF761FB0025347015E0012513E08E
:1002A0007A20FFF7FDFB0028CCD0FFF755FB35780F
:1002B000B5FA85F56D0907E04FF400715020FFF79E
:1002C000EFFB0028E1D0F0E7284602B070BD00BF88
:1002D000097B002000040048000001AA28B9044B53
:1002E0001878B0FA80F0400970470120704700BFCD
:1002F000097B0020F8B5002839D11C461D4B154656
:1003000093F900201F78002A31DA0E46FFF7CEFA63
:100310003B0758BF6D02012C29460AD15120FFF737
:10032000BFFB00BB3046FFF78BFB80F00100C5B27E
:100330001AE05220FFF7B4FB054628B1251E18BF6E
:10034000012511E006F500763046FFF779FB18B974
:10035000251E18BF012501E0013CF3D100214C20EE
:10036000FFF79EFB00E02546FFF7F6FA00E00325C5
:100370002846F8BD097B0020F8B5002844D11C466A
:10038000244B164693F900201F78002A3CDA7A069F
:100390003CD40D46FFF78AFA3B0758BF7602012C82
:1003A00031460BD15820FFF77BFB48BBFE21284686
:1003B000FFF71AFB80F00100C6B222E05920FFF7D8
:1003C0006FFB064628B1261E18BF012619E005F569
:1003D0000075FC212846FFF707FB034646F2A810EC
:1003E00003B903E0FFF7EEFAFF2803D0261E18BF7B
:1003F000012601E0013CEAD1FD20FFF76FFA00E0A1
:100400002646FFF7A9FA02E0032600E0022630465E
:10041000F8BD00BF097B0020C8B90E4B93F900302E
:10042000002B14DA10B50C4682B0FFF73FFA0CB17E
:10043000042006E044F62060FFF7C4FAFF28F7D155
:1004400020460190FFF788FA019802B010BD032002
:10045000704700BF097B002038B50B4D0B4A2A605E
:100460002B4605F16C0100248B4202EBF47402D0A0
:1004700053F8042FF8E7064803492C67742200F06C
:10048000ABFB002038BD00BF08030020564E4F4391
:1004900000F803080F4B104A1968914214D110B5A7
:1004A0000E4C00201A1DA24201EBF07002D05968D8
:1004B0001346F7E707490B6F834208D108487422B7
:1004C00000F028FF002004E04FF0FF3070474FF0AD
:1004D000FF3010BD00F80308564E4F4370F8030874
:1004E0000803002006281FD838B5114B114A1249BD
:1004F0001A60054600248B4202EBF47402D053F8D4
:10050000042FF8E70D49A80300F10060C1F8A847DF
:1005100043F2AC7200F50E30A1F5405100F05CFBE7
:10052000074B00201D8038BD4FF0FF30704700BFE3
:10053000F8080020544E4F439C400020F83800201B
:10054000128B002006282BD870B5194E96F800E0C3
:1005500082034EFA00F302F1006C13F001030CF574
:100560000E3C23D1DCF8004012498C421CD1124DC4
:1005700015446246111DA94204EBF37302D054687E
:100580000A46F7E70CF54052D2F8A8279A420BD159
:10059000012303FA00F040EA0E0E86F800E005E0C1
:1005A0004FF0000C604670474FF0000C604670BD85
:1005B000108B0020544E4F43A86F020838B54FF6F9
:1005C000FF730A4D98422B800CD00446FFF7BAFF08
:1005D000014648B106482C8043F2AC7200F09AFE06
:1005E000002002E0002000E0012038BD128B002036
:1005F000F8080020074B084810B40022074C1A7076
:100600004FF6FF7CA4F800C04FF4E4315DF8044BD2
:1006100000F0B8BA108B002000380208128B0020BE
:1006200070B50B4601F00F06016801601546002108
:10063000721C41600446016252000363C160284697
:1006400000F090FE05EB46004FF0100C023DA36851
:1006500043F00403AE46A3602A462368590702D438
:10066000A3685B07F9D432F8021F236C82420B4463
:100670001380F2D1BCF1010CE9D13EF8023F1B0915
:100680007045AEF80030F8D170BD00BF064A07488B
:10069000D36843F08003D360D3685B0602D401388B
:1006A000FAD170470120704700280040FFFF030087
:1006B00010B50C4C236A03F00303032B11D0236AFB
:1006C00043F01903236244F62060F0F749FD236AE2
:1006D0009A0706D4636A43F001036362636A9B0767
:1006E000FCD510BD0010024021494B694FF0A042DB
:1006F00010B543F0805300244FF080504B6194605C
:100700009060936843F0004393609368002BFCDB98
:10071000936843F001034FF0A04193600B68DA0740
:10072000FCD5144A144B4FF4FC444C6100208B61FF
:100730004FF0805390609360936843F00043936060
:100740009368002BFCDB93680A4843F00103936035
:100750000368DB07FCD5084B4FF4FC4242610221E1
:1007600083611220F1F736FC044B054A9A6010BDF4
:1007700000100240000100500000FC070003005080
:100780000000410100B5014683B0054801AA890176
:10079000FFF746FFBDF8040003B05DF804FB00BF9F
:1007A000000100501E4A1F4813684FF08041496AFB
:1007B000CB1A834226D910B51B4B116082B001AA17
:1007C0004FF0A0401949B3F8BA40FFF729FFBDF830
:1007D0000400BDF8062041F6C81303FB00F0000B2F
:1007E000134B04FB00F0B0FBF2F000B2632818805A
:1007F00004DD104B1B8B184400B201E04FF0FF30BA
:1008000002B010BD0A4BB3F90000632804DD094BA8
:100810001B8B184400B270474FF0FF30704700BF89
:10082000E80300201FA1070000F7FF1F412401007B
:10083000148B0020080300200A4B0B4A10B48021BF
:100840001C681C604FF0FA6059604FF480711862A8
:100850001963DA609A685DF8044B42F004029A600A
:10086000704700BF0001005000158000054A9368E2
:10087000590706D5936843F0100393609368DB062D
:10088000FCD4704700010050054A08B51368136096
:100890001B0601D5FEF7B8FFBDE80840F0F7B2BC73
:1008A00000010050054B1A6822F001021A6018611D
:1008B0001A6842F001021A60704700BF00540040FD
:1008C000034A0448D36943F40013D361FFF7EABF36
:1008D000001002406450540110B4134CA3691B046F
:1008E000FCD423688C4643F001031104236041EAE1
:1008F000400343F0007343F400530B4963606244C8
:100900008B6913F0110FFBD08B69DB0602D5002039
:10091000086005E01CF8013B8B629445F0D1012092
:100920005DF8044B704700BF00540040074B084877
:100930001B68084A00EA530002EAD30203F00F33AF
:10094000104423F070631844704700BF0028004033
:10095000383838000E0E0E00074B08485B68084A0E
:1009600000EA530002EAD30203F00F33104423F0ED
:1009700070631844704700BF0028004018087800D2
:1009800006021E0008B5FFF7D1FF0146FFF7E4FF9E
:100990000304C1F3460CCA0803F47F0343EA0C03C3
:1009A00002F4FF524909134301F4FF2142031943A2
:1009B000C0F3074002F0FF531943143041EA40608E
:1009C00008BD00BF10B50446FFF760FE10B1044B30
:1009D00019605C60024AD36823F08003D36010BDC5
:1009E00000280040104A38B51368104C43F4807357
:1009F0001360FFF75DFE226A236A12F0020F14BF34
:100A00004FF401454FF4024503F40343AB4209D0D0
:100A100000234FF4803222622362FFF749FE236AEB
:100A20001D43256238BD00BF007000400010024029
:100A300010B5FFF7D7FF154B1B6A13F4407324D092
:100A4000134A144CCA20532150625162D068124993
:100A5000B3F5807F18BF2146C30602D513698B42C8
:100A60000FD0FFF713FE30B1094B002080229860B1
:100A7000DA6019611961064AD36823F08003D360F4
:100A800003E0D36823F02003D36010BD00100240C0
:100A900000280040E7032700FF007F000C4AD368CE
:100AA000DB0313D49FED0B7ADFED0B7AE0EE077AD0
:100AB000FDEEE77A17EE903AB3F5806F06D8C3F5EE
:100AC000FF73013348F2FF110B40D363704700BF3F
:100AD00000280040BD37863F00C0FF43094A9FED14
:100AE0000A0AD36BD26BC3F30803120454BF5B42F0
:100AF000C3F5007307EE903AF8EEE77A27EE800A26
:100B0000704700BF002800400024743F0549064A92
:100B1000CB6943F00053CB61136843F48033136017
:100B2000704700BF0010024000740040014B586144
:100B3000704700BF0074004038B504460D460E20D3
:100B40000321F1F747FA0C4B0C480D499D6443F221
:100B5000A752D9641C655A64C269A3F5E43342F410
:100B60008042C261002101244FF45B6219605C6025
:100B70001962DA6138BD00BF000002400010024077
:100B80000C380040114B124A014410B48842114CF9
:100B90005C605A6016D2DA68012AFCD01A6942F009
:100BA00002021A6158611A6942F040021A61DA6859
:100BB000012AFCD01A6900F5006022F0020281428D
:100BC0001A61E8D85DF8044B704700BF002002406E
:100BD000AB89EFCD2301674570B516460C4611462B
:100BE0000546FFF7CFFF700818D00D4B214604EBE8
:100BF0004000DA68012AFCD01A6931F8024B42F051
:100C000001021A612C80DA68012AFCD01A6981423B
:100C100022F0010205F102051A61EAD170BD00BFA0
:100C2000002002402DE9F04F1F4C204D6369204AFF
:100C3000DFF890A0DFF89090DFF89080DFF890E088
:100C4000DFF890C01B4F4FF09041002043F4FC03AD
:100C500063614FF6DF1B48608D60174DCD60174B09
:100C6000C1F814B04FF6FF740862C1F824A0C1F8AF
:100C700000906FF00F015060114D91604FF0FF3602
:100C8000C2F80C805461C2F820E0C2F824C017609A
:100C90004FF0806258609E60DD605C61186258624F
:100CA0001A60BDE8F08F00BF001002400000FFFF97
:100CB000000400489F5A5AAAAA0101A80008004847
:100CC0005555550170E70E0000FCAA6A5055555560
:100CD000005055004400555030B5012344688B4006
:100CE00024EA0304C2F380038B401C4344604D009C
:100CF00083684FF0030C0CFA05FCC2F3C10423EA2D
:100D00000C03AC401C438460C468C2F3411324EA62
:100D10000C04AB40234302F0030E0EFA05FEC36041
:100D200001F007039B00C2F3C3120F24C1F3C001FB
:100D3000BEF1020F02FA03F26FEA0C0C04FA03F39D
:100D400000EB81010BD10C6A24EA03031A430A6207
:100D500003680CEA030C4CF0020303600AE0046829
:100D60000CEA040C4CEA0E040460086A20EA03034F
:100D70001A430A6230BD00BF054B1868586010F472
:100D8000704F03D0C0F30330F5F796BC704700BF37
:100D900000000240044A536903F00203536113B197
:100DA0000120FEF729BD704700040140044A536941
:100DB00003F00403536113B10220FEF71DBD704719
:100DC00000040140044A536903F00803536113B15E
:100DD0000320FEF711BD70470004014008B506214D
:100DE0000720F1F7F7F806210820F1F7F3F8BDE83E
:100DF000084006210920F1F7EDB800BF0F2810B513
:100E000016D883089B0003F1804303F5803300F07C
:100E100003029C6892004FF00F0E0EFA02FEC1F31F
:100E2000031C24EA0E0E0CFA02F242EA0E029A6049
:100E30000F4A012300F01F0003FA00F09368CC076B
:100E40004CBF034383439360094AD3686FEA000CA5
:100E500089074CBF034303EA0C03D360044B1968B2
:100E6000084318605A6802EA0C025A6010BD00BFBD
:100E7000000401400649074ACB6910B443F002035D
:100E8000054CCB61202094625DF8044B50607047A4
:100E900000100240000400403F19010010B4013965
:100EA000012400220523C162446142625DF8044BC3
:100EB000036070472DE9F047012288460746061D6A
:100EC000002595FAA5F4A9B2E30DB1EBD45F00EBD0
:100ED000C3030AD256F8041C1C6846F8044C196077
:100EE00079685C687C60596002E0B2F5007F59D097
:100EF0000132013592B208370836E2E704F07F0389
:100F0000C3F1800205EB830393ED005A05EB8202E7
:100F10002306D2ED004A55D4013134441FFA81FA38
:100F2000B8F1000F01D1B1EE455A0AEB0E0292B2B0
:100F300000EBCA0300EBC20CDCED017AD3ED006AD2
:100F4000DCED005A25EE677AA5EEA47A76EEC76A44
:100F500067EEA47ACCED006A93ED006AD3ED016AE6
:100F6000E5EE857A36EE077A76EEE76A83ED007A6B
:100F7000CCED016A93ED017A724477EE277A1FFA7D
:100F800082FABAF5007FC3ED017ACED38F42B5D194
:100F90004FEA4E0EB9F101094FEA56061FFA8EFECE
:100FA00007D116E00C4D4FF009094FF480764FF051
:100FB000010E9FED0A5A0EF1FF3734460021F7EE7D
:100FC000004AABE7F1EE457AB0EE645AF0EE674ABC
:100FD000A2E7BDE8F08700BF4C5C010800000000FC
:100FE000FDEEC07A4FF0010CF8EEE77A00B530EE76
:100FF000670AB5EEC00AF1EE10FA44BFF7EE007AC8
:1010000030EE270ADFED227A20EE270AFCEEC07AC6
:1010100017EE903ADA090CFA02FC03F07F031D4A3E
:10102000F8EE677AC3F1800E02EB8E0E30EE670A9F
:10103000DEED007AC3F17F0E02EB8E0E9EED007A9C
:1010400037EE677A02EB830EE7EE007A1CF00A0FA8
:101050009EED007ADEED016A76EEC76AA6EE807A32
:1010600005D0F0EE476AB0EE677AF0EE667A1CF0D3
:10107000060F18BFF1EE677A1CF00C0F18BFB1EE27
:10108000477A80ED007AC1ED007A5DF804FB00BF7D
:10109000000000444C5C010810EE103A13F0FF4FC2
:1010A00023F000410FD1C9B3DFED1D7A1D481E4A60
:1010B00060EE277A17EE903A23F00041A0FB010181
:1010C00002EB510205E01748184AA0FB010102EBB0
:1010D000510203F00043134307EE903A27EEA77A3C
:1010E000F0EE006A27EE277AB0EE406AF0EE475A3B
:1010F000E0EE265AA7EE266A85EE867A67EE277A14
:1011000027EEA77A27EE277AB0EE476AA0EE266A86
:10111000A7EE260A86EE007A27EE270A704700BF60
:101120000000804BABAAAAAAF2195126F219512A43
:1011300010EE103A002B1EDDC3F3160242F07C5273
:1011400007EE102ADFED0D6ADFED0D5A9FED0D0A57
:1011500077EE266A07EE903A85EEA66AF8EEE77A11
:10116000DFED095ADFED096AA7EEA50AA7EE660AC8
:1011700030EE460A70479FED060A70475643B43E6C
:10118000721A993FA836ACC21872B133C4E4843FD6
:10119000000080FF10EE103A002B1EDDC3F3160294
:1011A00042F07C5207EE102ADFED0D6ADFED0D5A9A
:1011B0009FED0D0A77EE266A07EE903A85EEA66A55
:1011C000F8EEE77ADFED095ADFED096AA7EEA50A26
:1011D000A7EE660A30EE460A70479FED060A704792
:1011E000F45AB43E0F4FA64041FABAC3C6A8C03461
:1011F0009A4E9040000080FF10EE902AF0EEE00A38
:10120000F5EE400AF1EE10FA10EE103AB0EEC00A18
:1012100004D1B5EE400AF1EE10FA41D0F4EEC00A66
:10122000F1EE10FA1AD5C0EE806ADFED1E4A9FED8E
:101230001E5ADFED1E5A9FED1E6A9FED1E7A9FED2E
:101240001E0A66EEA67AA7EEA45AE5EE275AA5EE88
:10125000A76AA6EE277AA6EEC70A17E080EE207AE4
:101260009FED105ADFED105A9FED106ADFED106A06
:101270009FED100A67EE077AE7EE855AA7EEA56A9A
:10128000E7EE866AA7EEA60A27EE000A002ABCBF90
:10129000DFED0A7A37EEC00A002BB8BFB1EE400A84
:1012A000704700BF09E0983F95219CC06B282541FD
:1012B0008B6697C1092765420000B44200003443A1
:1012C000DFED137A20EE270A43F2D140FDEEC07A1B
:1012D00043F6DE5317EE902AC2F3CF11C1EBC10CD7
:1012E0000CEBCC1C00EBAC3001FB00F003EBA0439B
:1012F00001FB03F39B13A3F59D33623B02F17E5286
:1013000001FB03F302EBE32300EE103A704700BF4A
:101310003BAA384B0A44914200F1FF3300D1704799
:1013200010B511F8014B03F8014F9142F9D110BDEE
:10133000884210B501EB020402D98442234607D843
:10134000431EA14208D011F8012B03F8012FF8E742
:10135000024401468A4200D110BD13F8014D02F843
:10136000014DF7E702440346934200D1704703F86A
:04137000011BF9E77D
:1013740047656F6D004172697468000055534200FF
:1013840053455249414C00004D4158494D554D007B
:101394004D494E494D554D00444F5420272E2700AA
:1013A400434F4D4D4120272C27000000424D500053
:1013B4005449464600000000445F0108188B002091
:1013C400188B0020188B0020445F010800000000E7
:1013D4000000000000000000445F0108000000005D
:1013E4000000000000000000445F0108000000004D
:1013F4000000000000000000445F0108000000102D
:101404000000001000000010445F0108000000000C
:101414000000000000000000445F0108000000001C
:101424000000000000000000445F0108000000000C
:1014340000000000000000006D61696E0000000003
:1014440069646C650000000044140108F003002086
:101454002805002001000000A10C00080000000085
:10146400737461636B206F766572666C6F770000CE
:101474003118000825180008191800080D1800086C
:101484000000000000000000000000000000000058
:101494001119000805190008E9180008DD180008EA
:1014A4000000000000000000000000000000000038
:1014B4000000000001000000000000000000000027
:1014C400D51C0008F91E00087D1F000840004000DC
:1014D400C0060020C0060020286E756C6C29000030
:1014E400206B4D475450455A59000000010000003C
:1014F4000A00000064000000E80300001027000058
:10150400A086010040420F008096980000E1F50596
:1015140000CA9A3B6D1D6E7066617A790000000006
:1015240000000000000000002D280008000000005A
:10153400EB769045584641542020200046415433D0
:1015440032202020002A3A3C3E7C223F7F002B2C74
:101554003B3D5B5D0000000080818283848586873B
:1015640088898A8B8C8D8E8F90919293949596977F
:1015740098999A9B9C9D9E9F80818283848586876F
:1015840088898A8B8C8D8E8FB0B1B2B3B4B5B6B75F
:10159400B8B9BABBBCBDBEBFC0C1C2C3C4C5C6C74F
:1015A400C8C9CACBCCCDCECFD0D1D2D3D4D5D6D73F
:1015B400D8D9DADBDCDDDEDF9091929394959697AF
:1015C40098999A9B9C9D9E9FF0F0F2F2F4F4F6F6A3
:1015D400F8F9FAFBFCFDFEFF01030507090E1012E2
:1015E4001416181C1E00000061001A03E000170303
:1015F400F8000703FF000100780100013001320107
:101604000601390110014A012E0179010601800108
:101614004D0043028101820182018401840186011B
:101624008701870189018A018B018B018D018E015C
:101634008F0190019101910193019401F6019601AA
:101644009701980198013D029B019C019D01200294
:101654009F01A001A001A201A201A401A401A6016D
:10166400A701A701A901AA01AB01AC01AC01AE011C
:10167400AF01AF01B101B201B301B301B501B501CD
:10168400B701B801B801BA01BB01BC01BC01BE017C
:10169400F701C001C101C201C301C401C501C401F4
:1016A400C701C801C701CA01CB01CA01CD0110019C
:1016B400DD0101008E01DE011201F3010300F101DD
:1016C400F401F401F8012801220212013A0209008E
:1016D400652C3B023B023D02662C3F024002410264
:1016E400410246020A01530240008101860155026B
:1016F40089018A0158028F015A0290015C025D023D
:101704005E025F0293016102620294016402650257
:1017140066026702970196016A02622C6C026D02EE
:101724006E029C01700271029D01730274029F019A
:1017340076027702780279027A027B027C02642CB8
:101744007E027F02A60181028202A901840285022F
:1017540086028702AE014402B101B20145028D0244
:101764008E028F0290029102B7017B030300FD03F6
:10177400FE03FF03AC0304008603880389038A0382
:10178400B1031103C2030200A303A303C4030803A8
:10179400CC0303008C038E038F03D8031801F203D8
:1017A4000A00F903F303F403F503F603F703F7035D
:1017B400F903FA03FA033004200350041007600409
:1017C40022018A043601C1040E01CF040100C004C1
:1017D400D004440161052604000000007D1D0100C1
:1017E400632C001E9601A01E5A01001F0806101F3C
:1017F4000606201F0806301F0806401F0606511F54
:101804000700591F521F5B1F541F5D1F561F5F1F88
:10181400601F0806701F0E00BA1FBB1FC81FC91F18
:10182400CA1FCB1FDA1FDB1FF81FF91FEA1FEB1FAC
:10183400FA1FFB1F801F0806901F0806A01F08063A
:10184400B01F0400B81FB91FB21FBC1FCC1F01007A
:10185400C31FD01F0206E01F0206E51F0100EC1F94
:10186400F31F0100FC1F4E210100322170211002E0
:10187400842101008321D0241A05302C2F04602CEC
:101884000201672C0601752C0201802C6401002DD5
:10189400260841FF1A030000100411041204130463
:1018A4001404150416041704180419041A041B0458
:1018B4001C041D041E041F04200421042204230408
:1018C4002404250426042704280429042A042B04B8
:1018D4002C042D042E042F04300431043204330468
:1018E4003404350436043704380439043A043B0418
:1018F4003C043D043E043F04912592259325022592
:10190400242561256225562555256325512557250E
:101914005D255C255B251025142534252C251C25E7
:1019240000253C255E255F255A2554256925662515
:10193400602550256C25672568256425652559256E
:101944005825522553256B256A2518250C258825ED
:1019540084258C25902580254004410442044304B9
:101964004404450446044704480449044A044B0417
:101974004C044D044E044F04010451040404540463
:10198400070457040E045E04B0001922B7001A229B
:101994001621A400A025A0000FF03FFC7FFE7C3E92
:1019A400F81FF00FF00FF00FF00FF00FF00FF00F23
:1019B400F00FF00FF00FF00FF00FF81F7C3E7FFEDA
:1019C4003FFC0FF000F001F003F007F00FF00FF010
:1019D4000EF00CF000F000F000F000F000F000F069
:1019E40000F000F000F000F000F003FC03FC03FC46
:1019F4000FF03FFC7FFE7C3EF81FF00FF00F001F3E
:101A0400003F007E00FC01F803F007E00FC01F80D8
:101A14003F007E00FC00FFFFFFFFFFFF0FF03FFCD5
:101A24007FFE7C3EF81FF00FF00F001E003E01FC0D
:101A340001F801FC007E001F000FF00FF00FF81FEB
:101A44007C3E7FFE3FFC0FF001F801F803F803F839
:101A540007F807F80FF80F781F781E783E783C785F
:101A64007C787878F878FFFFFFFFFFFF0078007834
:101A740000780078FFFFFFFFFFFFF000F000F000A8
:101A8400F000F7F0FFFCFFFEFC3EF81F000F000F14
:101A9400000F000FF00FF81F7C3E7FFE3FFC0FF09D
:101AA4000FF03FFC7FFE7C3EF81FF00FF000F000CB
:101AB400F7F0FFFCFFFEFC3EF81FF00FF00FF00FF5
:101AC400F00FF81F7C3E7FFE3FFC0FF0FFFFFFFF8F
:101AD400FFFF001F003E007C00F801F001E003E07E
:101AE40003C007C0078007800F800F000F000F009E
:101AF4000F000F000F000F0007E01FF83FFC7C3EB3
:101B0400781E781E781E3C3C1FF80FF03FFC7C3E8C
:101B1400781EF00FF00FF00FF00FF81F7C3E7FFEE1
:101B24003FFC0FF00FF03FFC7FFE7C3EF81FF00FF0
:101B3400F00FF00FF00FF81F7C3F7FFF3FFF0FFF08
:101B4400000F000FF00FF81F7C3E7FFE3FFC0FF0EC
:101B54000000000000000000000000000000000081
:101B64000000000000000000000000000000000071
:101B74000000038007C007C00380000000000000CD
:101B84000000000000000000000000000000000051
:101B94003FFC3FFC3FFC3FFC000000000000000055
:101BA400000000000000000000000000004000C031
:101BB40001C003C007C00FFF1FFF3FFF7FFFFFFFF0
:101BC4007FFF3FFF1FFF0FFF07C003C001C000C01E
:101BD40000400000F000F000F000F000F000F00021
:101BE400F03EF07CF0F8F1F0F3E0F7C0FF80FF0086
:101BF400FF00FF80F7C0F3E0F1F0F0F8F07CF03E76
:101C0400F00FF00FF81FF81FFC3FFC3FFE7FFE7F34
:101C1400FFFFFFFFFFFFFFFFF7EFF7EFF3CFF3CF78
:101C2400F18FF18FF00FF00FF00FF00F0FF03FFC7A
:101C34007FFE7C3EF81FF00FF00FF00FF000F00075
:101C4400F000F000F03FF03FF03FF007F00FF81F16
:101C54007C3F7FFF3FF70FE700000000000000001B
:101C64000000000000000000EE1CFF3EFFFFFFFF2D
:101C7400F3CFF3CFF3CFF3CFF3CFF3CFF3CFF3CF50
:101C8400F3CFF3CF000000000000000000000000CC
:101C9400F01EF01EF01EF01EF01EF01EF01EF01ED0
:101CA400F83EFC7EFFFEFFFFF7CFF387F000F00065
:101CB4000000000000000000000000000000000020
:101CC400F1F0F7FCFFFEFE3EFC1FF80FF00FF00FE3
:101CD400F00FF00FF00FF00FF00FF00F0000000006
:101CE4000000000000000000F3F0F7FCFFFEFE1F00
:101CF400FC0FF807F807F807FC0FFE1FFFFEF7FCC0
:101D0400F3F0F000F000F00000030007000F001FE4
:101D1400003F007F000F000F000F60CFF1EF7BCF7B
:101D24003F8F1F0F1F0F3F8F7BCFF1EF60CF000F4F
:101D3400000F000FF45F8644F54484C4F4440000AB
:101D44000000000F000F000F000F000F000F000F26
:101D5400180F380F7FFFFFFFFFFF7FFF38001800C9
:101D640000003C007E00E703C307C30FE71E7E3C70
:101D74003C7800F001E003C007800F001E3C3C7E6D
:101D840078E7F0C3E0C3C0E7007E003C0006060627
:101D94002666FEFE60200000101038386C6CC6C643
:101DA400FE000280C0E0F0F8F0E0C0800000006EA9
:101DB400DB919989DB7600000000103060FEFE6044
:101DC400301000000010180CFEFE0C18100001006A
:101DD4000000FC6C6C6CECCC0000000000C6C6C6B5
:101DE400C6EED6C0007CC6C6C6C6C66C6CEE000283
:101DF40070D8D8700000000000000400000000004B
:101E040000000000000460606060606000606000CA
:101E140002D8D8D800000000000000025050F8F8A2
:101E240050F8F850500000307CB0B0783434F830BA
:101E3400006092966C18306CD2920C000070D8D866
:101E44007072DCCCDC720003E0E060C000000000D3
:101E5400000003306060C0C0C06060300003C06038
:101E6400603030306060C00001000020A870A820FD
:101E74000000000100003030FCFC303000000400A1
:101E8400000000000040E060C00100000000FCFC15
:101E9400000000000400000000000040E0400001D9
:101EA4000C0C1818306060C0C0000178CCCCDCEC9D
:101EB400CCCCCC7800013070B03030303030FC0005
:101EC4000178CCCC0C3860C0C0FC000178CCCC0CC0
:101ED400380CCCCC7800010C1C3C6CCCCCFC0C0C2D
:101EE4000001FCC0C0F8CC0C0CCC78000178CCC04C
:101EF400C0F8CCCCCC780001FC0C0C181830306045
:101F040060000178CCCCCC78CCCCCC78000178CCF7
:101F1400CCCC7C0C0CCC7800040040E0400040E0C9
:101F2400400000040040E0400040E0408000010C1C
:101F3400183060C06030180C0001000000FC000084
:101F4400FC00000001C06030180C183060C00001B3
:101F540078CCCC0C18300030300001788C8CBCACC0
:101F6400B8808C78000178CCCCCCFCCCCCCCCC0028
:101F740001F8CCCCCCF8CCCCCCF8000178CCCCC0DB
:101F8400C0C0CCCC780001F8CCCCCCCCCCCCCCF838
:101F94000001FCC0C0C0F8C0C0C0FC0001FCC0C04F
:101FA400C0F8C0C0C0C0000178CCCCC0C0DCCCDC60
:101FB4006C0001CCCCCCCCFCCCCCCCCC0003F06001
:101FC400606060606060F000010C0C0C0C0C0C0C88
:101FD400CC780001CCCCCCD8F0D8CCCCCC0001C08F
:101FE400C0C0C0C0C0C0C0FC0000C6C6EEEED6D69D
:101FF400D6C6C60001CCCCECECFCDCDCCCCC0001BD
:1020040078CCCCCCCCCCCCCC780001F8CCCCCCF8F3
:10201400C0C0C0C0000178CCCCCCCCCCECDC780CFB
:1020240001F8CCCCCCF8D8CCCCCC000178CCCC60AA
:102034003018CCCC780001FCB43030303030303043
:102044000001CCCCCCCCCCCCCCCC780000C6C6C661
:102054006C6C6C3838100000C6C6C6D6D6D6D6FE10
:102064006C0001CCCCCC483048CCCCCC0001CCCCDE
:10207400CCCC78303030300001FC0C0C183060C00F
:10208400C0FC0003F0C0C0C0C0C0C0C0F00001C0AC
:10209400C060603018180C0C0003F0303030303061
:1020A4003030F000013078CC8400000000000001E2
:1020B4000000000000000000FCFC03C060300000D1
:1020C400000000000001000000780C7CCCCC7C00F7
:1020D40001C0C0C0D8ECCCCCECD800010000007822
:1020E400CCC0C0CC7800010C0C0C6CDCCCCCDC6C0F
:1020F400000100000078CCFCC0CC780001386C6092
:1021040060F060606060000100000074CCCCCC7CA6
:102114000C7801C0C0C0D8ECCCCCCCCC000360603F
:1021240000E060606060F000010C0C000C0C0C0C12
:102134000CCC7801C0C0C0CCD8F0F0D8CC00017071
:1021440030303030303030FC0000000000ECFED67F
:10215400D6D6D60001000000D8ECCCCCCCCC000103
:1021640000000078CCCCCCCC780001000000D8EC86
:10217400CCCCF8C0C0010000006CDCCCCC7C0C0CD6
:1021840001000000D8ECC0C0C0C00001000000780D
:10219400CC6018CC780001006060F86060606C3836
:1021A4000001000000CCCCCCCCDC6C0001000000B1
:1021B400CCCC484830300000000000C6C6D6D6FE5D
:1021C4006C0001000000CC48303048CC0001000015
:1021D40000CCCCCC7C0CCC7801000000FC0C18604A
:1021E400C0FC000238606060C0606060380003605A
:1021F40060606060606060600002E0303030183021
:102204003030E0000164FC98000000000000000091
:102214000200000000000000C11A0008291B000889
:1022240040004000C4080020D00800200300000043
:1022340000000000651B0008000000001000000002
:10224400DC080020000000003C0600200101020020
:102254004D55000805560008311A0008315500088C
:10226400430000006C22010809024300020100C07F
:10227400FA0904000001020200000524001001050F
:10228400240100010424020205240600010705823A
:10229400030800FF09040100020A00000007050109
:1022A4000240000007058102400000001200000007
:1022B400B8220108120110010200004083044057B3
:1022C40000020102030100000403090418036E0064
:1022D40061006E006F0076006E0061002E006300E6
:1022E4006F006D0016034E0061006E006F00560013
:1022F4004E0041002D004800340000000803340063
:102304003000300004000000CC2201081800000056
:10231400D022010816000000E8220108080000008D
:10232400002301087363616E00000000746F6F2066
:102334006D616E7920617267756D656E74732C20A2
:102344006D617820340D0A0075736167653A206306
:102354006F6C6F72207B69647D207B72676232349C
:102364007D0D0A00202532643A20307825303678F5
:102374000D0A000025730D0A00000000436F6D6D07
:10238400616E64733A0000002025730074687265FE
:1023940073686F6C64207B6672657175656E6379B2
:1023A40020696E206861726D6F6E6963206D6F6461
:1023B400657D000075736167653A2025730D0A63B6
:1023C400757272656E743A2025750D0A000000005E
:1023D40075736167653A207472616E73666F726DAE
:1023E400207B25737D205B2E2E2E5D0D0A000000C0
:1023F40075736167653A20636F6E666967207B2534
:10240400737D205B307C315D0D0A0000736D6F6F4E
:102414007468207B302D387D0000000064667500F0
:10242400506572666F726D696E672072657365744C
:1024340020746F20444655206D6F64650D0A0000BA
:10244400506572666F726D696E672072657365742C
:102454000D0A00007463786F207B5443584F206644
:1024640072657175656E637928487A297D0000006C
:102474002564206D560D0A0075736167653A206DF9
:10248400656173757265207B25737D0D0A000000FC
:10249400736176650000000075736167653A2025F5
:1024A4007320302E2E25640D0A00000075736167B9
:1024B400653A206D73672064656C6179205B74658F
:1024C40078745D205B6865616465725D0D0A000067
:1024D400666972737420746F7563682075707065B3
:1024E40072206C6566742C207468656E206C6F773E
:1024F40065722072696768742E2E2E00646F6E6593
:102504000D0A746F7563682063616C207061726179
:102514006D733A2025642025642025642025640DEC
:102524000A0000002536642000000000757361670E
:10253400653A20636C656172636F6E666967207BC0
:1025440070726F74656374696F6E206B65797D0D4D
:102554000A00000031323334000000004B6579205A
:10256400756E6D6174636865642E0D0A0000000069
:10257400436F6E66696720616E6420616C6C2063D2
:10258400616C206461746120636C65617265642EA2
:102594000D0A446F207265736574206D616E7561F8
:1025A4006C6C7920746F2074616B65206566666558
:1025B40063742E205468656E20646F20746F756395
:1025C400682063616C20616E6420736176652E0DF2
:1025D4000A000000436F6E66696720736176656464
:1025E4000D0A00006572723A206E6F206361726496
:1025F4000D0A00004F4B000065727200757361672D
:10260400653A2073645F64656C657465207B6669F4
:102614006C656E616D657D0D0A00000064656C6516
:1026240074653A2025732025730D0A00757361675C
:10263400653A2073645F72656164207B66696C65CA
:102644006E616D657D0D0A006572723A206E6F20B1
:1026540066696C650D0A00002A2E2A00757361678D
:10266400653A2073645F6C697374207B7061747461
:1026740065726E7D0D0A000025732025750D0A0014
:10268400620000003230253032782F253032782F26
:102694002530327820253032783A253032783A2580
:1026A4003032780D0A75736167653A2074696D6517
:1026B400207B5B25735D20302D39397D206F72209E
:1026C4007B6220307859594D4D4444203078484835
:1026D4004D4D53537D0D0A006F6666736574207B00
:1026E4006672657175656E6379206F66667365746D
:1026F40028487A297D00000075736167653A206671
:10270400726571207B6672657175656E63792848A0
:102714007A297D0D0A00000075736167653A2064AB
:10272400617461205B61727261795D0D0A00000061
:1027340025662025660D0A0075736167653A207069
:102744006F776572207B302D337D7C7B323535206D
:102754002D206175746F7D0D0A706F7765723A2054
:1027640025640D0A0000000062616E647769647478
:102774006820256420282575487A290D0A00000060
:1027840075736167653A207363616E207B7374614E
:10279400727428487A297D207B73746F7028487A74
:1027A400297D205B706F696E74735D205B6F757437
:1027B4006D61736B5D0D0A006672657175656E639C
:1027C400792072616E676520697320696E76616C29
:1027D40069640D0A00000000737765657020706FEE
:1027E400696E747320657863656564732072616EC5
:1027F4006765203335310D0A00000000257520007F
:1028040025662025662000004572722C20646566CA
:1028140061756C74206C6F61640D0A00726563618C
:102824006C6C000025642025642025750D0A0000C9
:102834006D61726B6572205B6E5D205B25737C7BC2
:10284400696E6465787D5D0D0A000000257520259C
:10285400752025640D0A000075736167653A20735D
:1028640077656570207B737461727428487A297D5A
:10287400205B73746F7028487A295D205B706F69E0
:102884006E74735D0D0A097377656570207B25731B
:102894007D207B6672657128487A297D0D0A0000C7
:1028A4002573200075736167653A2063616C205B52
:1028B40025735D0D0A00000025642025732025730F
:1028C4002025662025660D0A00000000616C6C005E
:1028D4006F66660025642025732025730D0A0000A9
:1028E4007472616365207B307C317C327C337C6123
:1028F4006C6C7D205B25735D205B7372635D0D0AD8
:102904007472616365207B307C317C327C337D2042
:102914005B25735D0D0A7472616365207B307C31C5
:102924007C327C337D207B25737D207B76616C75C6
:10293400657D0D0A0000000063683E200D0A00005A
:1029440053657269616C3A20257520626175640D66
:102954000A0000000D0A4E616E6F564E4120536806
:10296400656C6C0D0A00000063683E2000000000E6
:1029740025733F0D0A0000006C6F616400000000C5
:102984006F70656E0000000073686F727400000061
:10299400746872750000000069736F6C6E0000004B
:1029A40045730000457200004574000063616C27A4
:1029B400656400007363616E5F62696E000000000D
:1029C40064617461000000006672657175656E6310
:1029D4006965730066726571000000007377656550
:1029E40070000000706F7765720000006F66667398
:1029F4006574000062616E64776964746800000045
:102A040074696D650000000073645F6C6973740021
:102A140073645F726561640073645F64656C65749C
:102A24006500000073617665636F6E666967000018
:102A3400636C656172636F6E6669670064756D705F
:102A440000000000746F75636863616C000000002F
:102A5400746F7563687465737400000070617573D6
:102A640065000000726573756D6500006D73670025
:102A740063616C0074726163650000006D61726B68
:102A8400657200006564656C617900007332316FB2
:102A94006666736574000000636170747572650026
:102AA4006D65617375726500726566726573680041
:102AB400746F75636800000072656C65617365000E
:102AC40076626174000000007463786F0000000097
:102AD4007265736574000000736D6F6F7468000035
:102AE40075736172745F6366670000007573617269
:102AF40074000000766261745F6F666673657400CB
:102B04007472616E73666F726D0000007468726532
:102B140073686F6C6400000068656C7000000000EE
:102B2400696E666F0000000076657273696F6E00EF
:102B3400636F6C6F72000000533131005332310007
:102B4400426F6172643A204E616E6F564E412D4859
:102B540020340000323031392D3230323420436F8A
:102B64007079726967687420404469536C6F726449
:102B740020286261736564206F6E20406564793536
:102B8400353520736F757263652900004C69636580
:102B94006E73656420756E6465722047504C2E0018
:102BA400202068747470733A2F2F67697468756293
:102BB4002E636F6D2F4469536C6F72642F4E616E78
:102BC4006F564E412D440000446F6E61746520734E
:102BD4007570706F72743A0020205765624D6F6E85
:102BE40065793A205A333133383232383639313113
:102BF4003900000056657273696F6E3A20312E32C7
:102C04002E3532205B703A3335312C2049463A3127
:102C1400326B2C204144433A3338346B2C204C63C0
:102C2400643A343830783332305D00004275696C70
:102C3400642054696D653A204A756C203234203220
:102C4400303236202D2030393A35303A33320000D4
:102C54004172636869746563747572653A204152A0
:102C64004D7637452D4D20436F726520566172694C
:102C7400616E743A20436F727465782D4D3446004A
:102C8400506C6174666F726D3A2053544D33324602
:102C9400333033784320416E616C6F6720262044C3
:102CA40053500000312E322E353200000820080027
:102CB4000100FFFE000002009FFE010004009FFED1
:102CC400020008007FFE03011000FFFE0401000063
:102CD4006C6F61647C6F70656E7C73686F72747CFA
:102CE400746872757C69736F6C6E7C646F6E657CDE
:102CF4006F6E7C6F66667C7265736574000000009D
:102D04007331317C733231006F6E7C6F6666000004
:102D14006F6E7C6F666600006C696E7C6C6F677C9E
:102D240072697C72787C726C637C67627C676C63AA
:102D34007C727078707C72706C637C727873687C5F
:102D4400726C6373687C72787365727C726C637383
:102D5400657200006E6F6E657C6C637C6C63736877
:102D6400756E747C6C637365726965737C78746169
:102D74006C7C66696C7465727C6361626C657C7280
:102D840065736F6E616E6365000000006175746F3A
:102D94007C6176677C636F6E6E656374696F6E7C4D
:102DA4006D6F64657C677269647C646F747C626B4C
:102DB4007C666C69707C736570617261746F727C1F
:102DC400746966007363616C657C726566706F73A9
:102DD400000000006F6E7C6F66667C696D70756CB8
:102DE40073657C737465707C62616E647061737307
:102DF4007C6D696E696D756D7C6E6F726D616C7CD6
:102E04006D6178696D756D006C6F676D61677C705D
:102E1400686173657C64656C61797C736D697468E1
:102E24007C706F6C61727C6C696E6561727C7377A7
:102E3400727C7265616C7C696D61677C727C787C84
:102E44007A7C7A707C677C627C797C72707C787026
:102E54007C63737C6C737C63707C6C707C717C723F
:102E64007365727C787365727C7A7365727C727335
:102E7400687C7873687C7A73687C713231000000F6
:102E840028230108757000080300B82901084D7350
:102E940000080300C42901085D6400080000CC296F
:102EA4000108497000080000D829010831640008AD
:102EB4000F00E0290108997700080F00E8290108AC
:102EC400256500080800F0290108016400080D00C8
:102ED400F8290108796700080800042A0108116329
:102EE400000804000C2A0108916200080700142A53
:102EF40001081162000807001C2A0108C1610008CA
:102F04000700282A0108856100080800342A0108FE
:102F1400456100080800402A010881600008030098
:102F2400482A01083D6000080300542A0108215B77
:102F340000080300602A0108C95B00080E00682A23
:102F44000108357500080F00702A0108096000089F
:102F54000B00742A0108C97A0008010094240108AE
:102F6400C95F0008080020280108C97400080F0080
:102F7400782A0108F97C00080800802A01084D75A8
:102F840000080800882A0108C97E00080800902A61
:102F94000108957F000808009C2A01081D660008A6
:102FA4000700A42A01088D5F00080F00AC2A01085D
:102FB400DD5900080700B42A0108F95A000807007F
:102FC400BC2A0108C15A00080700C42A0108755F19
:102FD40000080800CC2A0108455F00080800D42A2C
:102FE4000108F15E00080B00DC2A0108BD5E000840
:102FF4000F002C2A0108795E00080F00E42A01085A
:10300400258000080F00F02A0108215A00080F004B
:10301400F82A0108515E00080800042B0108A55D88
:1030240000080800102B0108755D000808001C2B1F
:103034000108395D00080000242B0108155D000813
:1030440000002C2B0108055D00080000342B01084A
:10305400515C0008080000000000000000000000AF
:1030640001002200000000000000450000000000F4
:10307400000068000000000000008B000000000059
:103084000000AE00000000000000D10000000000BD
:103094000000F40000000000000017010000000020
:1030A40001000003000020410000E0400100010293
:1030B400000020410000E040010300030000803FC5
:1030C40000000000010101020000B4420000804041
:1030D40006050402010000007C2901088429010876
:1030E4008C290108942901089C290108A4290108B4
:1030F400A8290108AC290108B0290108424DE001C2
:103104004001080173746172747C73746F707C6322
:10311400656E7465727C7370616E7C63777C7374A6
:1031240065707C7661720000797C6D7C647C687C5F
:103134006D696E7C7365637C70706D003C2B010857
:10314400402B0108220020090000000000000000BC
:10315400000000FFFFFF0100906500000110110056
:1031640000000100000E27070120110000000100EB
:103174000100000002041111000001000084D717AF
:103184000208532314140100002B0C2302065323BA
:103194001414010003000000020453231E1E010046
:1031A40005000000020475233C3C010007000000F8
:1031B400020497334B4BFC00090000000204B933AE
:1031C400505A8C010B0000000204DB335F5F1002D5
:1031D40000000000000000FFFFFF010090650000F8
:1031E400010811000000010000E1F50501201100B3
:1031F4000000010080A4BF070208111100000100B3
:103204000095BA0A02061111000001000100000035
:103214000204111100000100000B6B1B0206531184
:1032240028283C000046C3230204531128283C00EC
:10323400030000000204531332323C00008C864722
:103244000204752346468C00050000000204752321
:1032540046468C0000D2496B020497334646FC0074
:1032640007000000020497334646FC0000180D8F47
:103274000204B93355558C01090000000204B93326
:103284005F5F8C010B0000000204CB335F5F100210
:1032940000000000000000FFFFFF0100007D0000AF
:1032A400010611130000010080A4BF0701281113B7
:1032B40000000100010000000204111300000100DD
:1032C400002B0C230206531300003C0003000000F3
:1032D4000204531300003C0005000000020475338F
:1032E40000008C0007000000020497332828FC002B
:1032F400090000000204B93328288C010B000000E7
:103304000204DB3328281002D431010850310108AB
:10331400943201082A323A000203FF0410808080AC
:1033240002B7400203F800000000010104430591C4
:10333400060C070B08400B820C840D000E403C1158
:103344001282138414403D071B4C1E88000101089F
:1033540002010A333D0047327B013410361000006D
:10336400374000100C00000037040004C0000000C7
:10337400000051C252000001533131204341424CFC
:1033840045005A30203D2025461E005646203D204B
:10339400252E3266252520284C656E677468203DED
:1033A4002025466D29004C656E677468203D2025F4
:1033B400466D202856463D2564252529004C6F730B
:1033C40073203D202546644220617420252E344616
:1033D400487A00417474203D20254664422F3130E0
:1033E400306D20617420252E3446487A00254664C9
:1033F400422F64656300254664422F6F6374004C5A
:103404006F772D7369646500486967682D7061730F
:103414007300486967682D73696465004C6F772D84
:1034240070617373005332312046494C5445520045
:10343400663A20252E3646487A20282546644229B5
:1034440000427720282D25646442293A20252E360F
:1034540046487A00513A2025460066282D256429DD
:103464003A00526F6C6C3A004E6F7420666F756E42
:10347400640046733D2571487A004C6D3D254648ED
:103484002020436D3D2546462020526D3D25461E95
:1034940000513D252E33660046703D2571487A2043
:1034A4002017463D25640043703D25464600000034
:1034B4002546252B6A4600533131205245534F4E41
:1034C400414E4345002571487A2C202546252B6A18
:1034D400461E0025342E32462563004C2F43206DB2
:1034E4006174636820666F7220736F757263652000
:1034F4005A30203D2025302E31661E004E6F204C60
:1035040043206D6174636820666F72207468697308
:10351400004E6F206E65656420666F72204C4320F8
:103524006D6174636800537263207368756E740010
:10353400536572696573004C6F6164207368756EBE
:1035440074004C432D5345524945530041444D4961
:1035540054004C432D5348554E54005854414C2D5F
:103564005345524945530000257320254625732FA2
:103574000000000025732025302E316646530000DC
:103584002520362E33460000180000004D25640027
:10359400172571487A0000002571487A0000000060
:1035A4001725642D25643A0025632571487A0000A7
:1035B400254673202825466D290000004D25643AD0
:1035C4000000000025634564656C61793A20254656
:1035D40073202825466D2900533231206F666673A7
:1035E40065743A20252E3346644200002563257312
:1035F4002025313571487A00435700005354415215
:103604005400000053544F500000000043454E54F2
:10361400455200005350414E0000000053544152A3
:1036240054203073202020205646203D2025642538
:103634002500000053544F5020254673202825466A
:103644006D29000042573A2575487A202575700087
:1036540050256300732564004C494E00252E3266C4
:1036640020252B2E31661F004C4F4700252E316636
:10367400644220252B2E31661F0000005265202B4A
:1036840020496D0052202B206A5800002546252B26
:103694006A461E0052202B204C2F430025461E2034
:1036A400254625630000000047202B206A420000C5
:1036B4002546252B6A46530047202B204C2F4300D8
:1036C4002546532025462563000000005270202B18
:1036D400206A5870000000005270202B204C2F43A9
:1036E40000000000522B6A58205348554E540000E5
:1036F400522B4C2F432053482E2E0000522B6A5835
:103704002053455249455300522B4C2F43205345D7
:10371400522E2E004C4F474D41470000252E326655
:103724002573000017252E33662573005048415336
:103734004500000017252E3266257300252E3446D9
:1037440025730000534D495448000000504F4C412C
:10375400520000004C494E454152000017252E34BA
:103764004625730053575200252E336625730000F7
:103774005245414C00000000252E3666257300009A
:1037840017252E3566257300494D4147000000007A
:10379400252E36666A25730017252E35666A25732D
:1037A40000000000252E33462573000017252E3314
:1037B400462573001E000000580000007C5A7C005F
:1037C4005A20706861736500252E316625730000E8
:1037D400470000007C597C005270000058700000C3
:1037E40043730000460000004C7300004370000067
:1037F4004C70000051000000252E34662573000033
:103804005273657200000000587365720000000076
:103814007C5A7365727C00005273680058736800A8
:103824007C5A73687C0000004F00020053000400BF
:103834004400010052004000530020005400800066
:103844007400080058001000450000040000000047
:1038540000000000E9A00008000000000000404053
:103864000000C040000020410000A04100007FC0D3
:103874007FC07FC07FC07FC07FC07FC07FC07FC04C
:103884003F801F000E00040004000E001F003F8054
:103894007FC07FC07FC07FC07FC07FC07FC07FC02C
:1038A4007FC00000FFE0802086208E2096208620A6
:1038B40086208620862086204F40208011000A0022
:1038C4000A001100208046408E2096208620862003
:1038D4008620862086208F208020FFE0FFE0802045
:1038E4008F2099A099A081A083208E2098209820D1
:1038F4005F40208011000A000A00110020804F4020
:1039040099A099A081A083208E20982098209FA020
:103914008020FFE0FFE080209F20B1A0B1A081A023
:10392400872081A0B1A0B1A05F40208011000A00CF
:103934000A00110020805F40B1A0B1A081A08720BF
:1039440081A0B1A0B1A09F208020FFE0FFE08020F3
:10395400832087208F209B20B320B320BFA0832007
:103964004340208011000A000A00110020804340D7
:1039740087208F209B20B320B320BFA083208320E7
:103984008020FFE0FFE08020BFA0B020B020BF2057
:10399400B1A081A081A0B1A05F40208011000A00E5
:1039A4000A00110020804040BFA0B020BF20B1A079
:1039B40081A081A0B1A09F208020FFE0FFE08020B3
:1039C4009F20B1A0B020B720B9A0B1A0B1A0B1A0F0
:1039D4005F40208011000A000A00110020805F402F
:1039E400B1A0B020B720B9A0B1A0B1A0B1A09F20D0
:1039F4008020FFE0FFE08020BFA0B1A081A0832051
:103A040086208C208C208C204C40208011000A00C1
:103A14000A00110020804040BFA0B1A081A08320F3
:103A240086208C208C208C208020FFE0FFE08020EA
:103A34009F20B1A0B1A09F20B1A0B1A0B1A0B1A01E
:103A44005F40208011000A000A00110020805F40BE
:103A5400B1A0B1A09F20B1A0B1A0B1A0B1A09F20FE
:103A64008020FFE05C3601086036010899A4000854
:103A7400CD9300086C3601087036010835A30008A0
:103A8400CD93000880360108B4340108D9910008A8
:103A9400E19100088836010890360108E991000890
:103AA4000DA5000898360108A0360108E991000820
:103AB4000DA50008AC360108B436010829A2000897
:103AC4009DA20008BC360108C436010829A20008DA
:103AD400C9A20008D03601089036010865A2000882
:103AE400C9A20008DC360108A036010865A2000856
:103AF400C9A20008E83601089036010889A7000821
:103B0400E5A40008F4360108A036010889A70008D6
:103B1400E5A40008003701089036010875A20008E2
:103B240011A300080C370108A036010875A200088B
:103B340011A3000806000100E900010006000C00C2
:103B4400E9000C0006001700E90017000600220037
:103B5400E900220000000000000000000000000056
:103B640000030000759D000839A50008020100004B
:103B7400E198000835A9000802010000E198000856
:103B840035A9000802010000E198000835A90008E1
:103B94000201000035970008FD9E000801030000A3
:103BA4005595000875AF000801030000819C0008CA
:103BB400EDAD0008C0F0FCF0C000000018370108AB
:103BC4002037010828370108EC3501080000E040DF
:103BD4000000204135A300083037010820370108D0
:103BE400383701087C360108000080400000B442E8
:103BF400CD93000804460108403701084037010806
:103C0400A0460108000080405F7089305593000889
:103C1400483701080000000000000000702501087A
:103C2400000000000000803F000000005037010841
:103C340000000000000000007025010800000000E2
:103C44000000803F00000000583701084037010899
:103C54006037010870250108000000000000003EE4
:103C640099A40008683701086C370108283701084F
:103C740070250108000000000000803EB1A4000887
:103C8400743701087C37010884370108702501085E
:103C9400000080400000803ED99100088C37010864
:103CA400943701089C370108702501080000804002
:103CB4000000803EE191000854370108A83701084C
:103CC400B0370108B8370108000000000000C842FE
:103CD400E9910008BC370108A8370108B03701088A
:103CE400B8370108000080400000C8420DA5000854
:103CF400C0370108A8370108B0370108B8370108F0
:103D040000000000000048424DA40008C437010828
:103D1400CC370108383701087C36010800008040A0
:103D24000000B44279A30008D4370108A837010879
:103D3400B037010890420108000000000AD7233C74
:103D440029A2000868470108A8370108B03701080C
:103D540090420108000080400AD7233C9DA200083D
:103D6400D8370108A8370108B03701089042010884
:103D7400000000000AD7A33C89A40008DC3701082E
:103D8400A8370108B0370108B8370108000000005F
:103D94000000C84265A20008E0370108A8370108FE
:103DA400B0370108B8370108000080400000C8425D
:103DB400C9A20008E4370108403701086037010848
:103DC400E83701080000804077CC2B3265A7000853
:103DD400EC37010840370108603701084445010801
:103DE4000000804077CC2B3249A70008F037010847
:103DF4004037010860370108E837010800008040B7
:103E040077CC2B32F5A20008F437010840370108BB
:103E140060370108444501080000804077CC2B320C
:103E2400D9A20008F8370108FC370108283701082F
:103E340070250108000000000000204125A40008AE
:103E440004380108A8370108B0370108B837010859
:103E5400000080400000C84275A200080C38010828
:103E6400A8370108B0370108B837010800008040BE
:103E74000000C84211A3000814380108A83701083B
:103E8400B0370108B8370108000080400000C8427C
:103E9400B9A300081C380108A8370108B037010885
:103EA400B8370108000080400000C84289A7000814
:103EB40020380108A8370108B0370108B8370108CD
:103EC400000080400000C842E5A40008243801082E
:103ED400A8370108B0370108B8370108000080404E
:103EE4000000C842F1A30008F8370108FC370108B4
:103EF4002837010870250108000000000000204157
:103F040099A300084E4F524D414C004D4158494D24
:103F1400554D004D494E494D554D00466F726D61EA
:103F240074206572720050415553450052455355F3
:103F34004D450043414C3A202564700A20252E3615
:103F440046487A0A20252E3646487A005452414380
:103F5400452025640053313120285245464C290020
:103F640053323120285448525529004F46460044C4
:103F7400454C003C003E005800252E3646487A0A3F
:103F8400252E3646487A00434C4541520053544F3F
:103F94005245004252494748544E45535320253315
:103FA40064252520001A20555345204C4556454C80
:103FB400455220425554544F4E201B00544F5543F4
:103FC40048202573202A00504F57455202192020BB
:103FD40025756D410025730A02192573004E4F2083
:103FE40043415244004552524F52002D2025752022
:103FF4007C202575202D0020204661696C20777275
:10400400697465202000564E415F253036785F255F
:104014003036782E25730025732E257300534420E3
:104024004341524420534156450055505045522077
:104034004C454654004C4F5745522052494748542A
:1040440000544F55434820544553543A2044524158
:10405400472050414E454C2C20505245535320424A
:104064005554544F4E20544F2046494E495348000E
:104074002533642025336420004E616E6F564E4113
:104084002D48203400534E3A20253038782D2530E1
:1040940038782D25303878005443584F203D20255A
:1040A40071487A000216496E206D656D6F72792031
:1040B4006F66204D61796102010054696D653A2093
:1040C4003230253032642F253032642F253032646B
:1040D40020253032643A253032643A253032642067
:1040E400284C5325632900426174743A2025642EB8
:1040F4002530336456004446553A20446576696356
:1041040065204669726D77617265205570646174CB
:1041140065204D6F64650A546F2065786974204486
:104124004655206D6F64652C20706C656173652045
:1041340072657365742064657669636520796F754B
:104144007273656C662E004A4F4720535445500ADB
:1041540020021925467300544F5000424F54544FC7
:104164004D0025730A200219252E34462573005369
:1041740043414C450025730A200219252E34462557
:10418400732F4469760052454620504F5349544991
:104194004F4E0025730A200219252E344600452D62
:1041A40044454C415920532564310A200219252ED7
:1041B400374673004341424C45204C454E475448D2
:1041C400006D004A4F4720535445500A20021925D8
:1041D4002E3371487A0000005369353335310000BD
:1041E4004D533533353100005357433533353100A2
:1041F4004357204652455100465245512053544599
:10420400500000004A4F472053544550000000001E
:10421400504F494E54530000452D44454C415900DC
:10422400533231204F4646534554000056454C4FB7
:1042340043495459252500005443584F2032364DE4
:10424400487A00005448524553484F4C44000000FB
:10425400424154204F464653455400004D45415376
:1042640055524520526C0000534554204441544556
:104274000A5959204D4D2044440000005345542010
:1042840054494D450A4848204D4D205353000000E1
:104294005254432043414C00533150005332500098
:1042A400424D50005449460042494E00444953503F
:1042B4004C4159004D41524B455200005354494D15
:1042C400554C55530000000043414C49425241545F
:1042D40045000000524543414C4C00004D454153BC
:1042E400555245005344204341524400434F4E46E7
:1042F4004947000025730A53574545500000000004
:10430400544F5543482043414C000000544F5543FB
:1043140048205445535400004558504552540A53BC
:10432400455454494E4753005341564520434F4E3C
:1043340046494700434F4E4E454354494F4E0000B3
:1043440056455253494F4E004252494748544E45F0
:1043540053530A2002192564252525250000000051
:10436400444154452F54494D45000000544852459A
:1043740053484F4C440A200219252E367100000080
:104384005443584F0A200219252E367100000000AC
:1043940056424154204F46465345540A200219259B
:1043A400756D56004946204F46465345540A20022F
:1043B400192564487A00000052454D454D42455246
:1043C4000A53544154450000464C49500A44495349
:1043D400504C4159000000001B44465500000000A9
:1043E4001B204D4F52450000534554204441544531
:1043F400000000005345542054494D45000000007E
:104404005254432043414C0A200219252B622E3377
:104414006670706D000000005254432035313248FC
:104424007A0A204C65643220257300004D4F4445C0
:104434000A20021925730000534550415241544F3C
:10444400520A200219257300555342204445564907
:1044540043450A554944000044554D500A464952C3
:104464004D574152450000004C4F414420434F4DAD
:104474004D414E440A205343524950540000000019
:10448400434C45415220434F4E46494700000000EB
:10449400434C45415220414C4C0A414E4420524524
:1044A40053455400434F4E4E454354494F4E0A2002
:1044B400021925730000000053455249414C205312
:1044C400504545440A2002192575000052455345BC
:1044D4005420414E440A454E54455220444655000A
:1044E40053454C4543540A4D41524B45520000003C
:1044F4005345415243480A20021925730000000025
:104504005345415243480A201A4C45465400000082
:104514005345415243480A201B524947485400001E
:104524004F5045524154494F4E5300005452414359
:104534004B494E47000000004C2F43204D4154434B
:10454400480000004341424C450A20285331312998
:10455400000000005245534F4E414E43450A202867
:1045640053313129000000005348554E54204C4328
:104574000A20285332312900534552494553204CCF
:10458400430A202853323129000000005345524980
:1045940045530A5854414C20285332312900000015
:1045A40046494C5445520A20285332312900000010
:1045B40020526C203D20021925622E34461E000034
:1045C40056454C4F4349545920462E0A200219257A
:1045D40064252525250000001B2053544152540016
:1045E4001B2053544F5000001B2043454E5445524A
:1045F400000000001B205350414E00001B20452D9D
:1046040044454C41590000004D41524B4552202530
:1046140064000000414C4C204F46460044454C5435
:10462400410000004652455120535445500A20028F
:1046340019256246487A00004A4F47205354455092
:104644000A2002194155544F0000000053574545B4
:104654005020504F494E54530A200219257500002A
:104664005452414345000000464F524D41540A20E4
:1046740053313120285245464C290000464F524DB3
:1046840041540A20533231202854485255290000FD
:104694004348414E4E454C0A200219257300000040
:1046A4005452414E53464F524D0000004946204259
:1046B400414E4457494454480A2002192575487A02
:1046C400000000004441544120534D4F4F544800D2
:1046D400534D4F4F54480A200219257320617667C1
:1046E40000000000534D4F4F54480A4F4646000007
:1046F400782564005452414E53464F524D0A257357
:10470400000000004C4F5720504153530A494D506C
:10471400554C5345000000004C4F57205041535313
:104724000A5354455000000042414E4450415353F3
:104734000000000057494E444F570A2002192573C0
:10474400000000004155544F205343414C450000A4
:10475400533231204F46465345540A2002192562EC
:104764002E3346644200000053484F5720475249B5
:10477400440A56414C55455300000000444F542010
:104784004752494400000000524553495354414E96
:10479400434500005245414354414E434500000007
:1047A4005120464143544F5200000000434F4E44B1
:1047B400554354414E43450053555343455054418A
:1047C4004E4345005A2050484153450053455249F1
:1047D4004553204300000000534552494553204CA3
:1047E40000000000504152414C4C454C2052000006
:1047F400504152414C4C454C2058000050415241CC
:104804004C4C454C20430000504152414C4C454CCB
:10481400204C0000534552494553205200000000EB
:10482400534552494553205800000000534552490E
:104834004553207C5A7C00005348554E5420520066
:104844005348554E542058005348554E54207C5AD2
:104854007C000000257320545241434500000000B1
:10486400504F57455220204155544F00534156450F
:104874000000000052414E47450000005245534598
:10488400540000004150504C59000000454E48412E
:104894004E4345440A524553504F4E534500000081
:1048A4004C4F41442046524F4D0A2053442043412B
:1048B40052440000456D70747920256400000000A6
:1048C4005341564520544F0A2053442043415244F7
:1048D400000000004F50454E0000000053484F5266
:1048E400540000004C4F41440000000049534F4C19
:1048F4004E0000005448525500000000444F4E45FD
:1049040000000000444F4E4520494E2052414D00C6
:104914005341564520533150000000005341564541
:10492400205332500000000053435245454E534833
:104934004F540000534156450A43414C49425241A9
:1049440054494F4E000000004155544F204E414DF4
:1049540045000000494D41474520464F524D4154C2
:104964000A200219257300004C4F41440A53435254
:1049740045454E53484F54004C4F41442053315009
:10498400000000004C4F414420533250000000000E
:104994004C4F41442043414C000000001A20424146
:1049A400434B00007331700073327000626D70000D
:1049B4007469660062696E00636D64002564487AF8
:1049C400000000002575206D41000000534554206F
:1049D400504F494E54530A20021925640000000028
:1049E400256420706F696E740000000025752048EE
:1049F4007A000000424D7AB00400000000007A0002
:104A040000006C000000E001000040010000010013
:104A140010000300000000B00400C40E0000C40E27
:104A24000000000000000000000000F80000E007A3
:104A340000001F0000000000000042475273000005
:104A44000000000000000000000000000000000062
:104A54000000000000000000000000000000000052
:104A64000000000000000000000000000000000042
:104A74002A002C019C00144A1A012C019C00144A9F
:104A8400B6012C012A00141100002C012A00140A7A
:104A940000000000A0001E06FFC08040804080404F
:104AA400804080408040804080408040FFC0FFC004
:104AB4008020806080C08180A340B6409C408840B4
:104AC4008040FFC000001E002100408080408040E4
:104AD40080408040408021001E0000001E00210014
:104AE4004C809E40BF40BF409E404C8021001E0031
:104AF400FFE080208FA099A0B1A0B1A0BFA0B1A079
:104B0400B1A08020FFE0FFE08020B1A0B1A0BBA055
:104B1400BFA0B5A0B5A0B1A08020FFE001030201B1
:104B24000402080610040000A8490108E5CE0008A4
:104B340091CD000800000000AC490108E5CE000852
:104B440091CD000800000000B049010825CD0008FF
:104B5400A1CC000803000000B4490108DDCB000823
:104B6400E1CA000803000000742A01086DCA0008A5
:104B740085CA000800000000B849010855CA0008A9
:104B84000000000000000000BC4901080000000013
:104B9400F1C9000800000000DC410108E4410108FB
:104BA400EC410108000000007800480000006000AB
:104BB40030003000FC4B0108504E0108D84D01086C
:104BC400D84B0108204C0108444C0108B44D01089D
:104BD400FC4D01081000130A030002011202220313
:104BE400010411052106000710082009320B3315B2
:104BF400230C30FF31FF00001000130A03000201F0
:104C040012022203010411052106000710082009DD
:104C1400300F310E320D3314230C00001000130A30
:104C240003000201120222030104110521060007F8
:104C34001008200930113110320B3315230C0000F9
:104C44001000130A030002011202220301041105D9
:104C540021060007100820093110320D3314230CEB
:104C640030FF0000000000360108B5F6000800011E
:104C740008360108B5F60008000210360108B5F63A
:104C84000008000318360108B5F600080004F441D2
:104C94000108B5F600080005FC410108B5F6000856
:104CA400000608420108B5F6000801001442010894
:104CB40079F7000804005B410108F1F300080600DD
:104CC4005B410108F1F3000804015F410108F1F3BD
:104CD400000806015F410108F1F30008010C73416B
:104CE4000108F1F40008060D73410108F1F400080D
:104CF40003008A41010851F5000806001C4201081E
:104D04009DF50008060008420108ADF30008030001
:104D140024420108FDF500080200304201085DF755
:104D240000080500B84101081DF6000800003C42D7
:104D3400010841F7000800004842010829F700086B
:104D440001005442010811F7000801006042010803
:104D540071F6000801186C420108A5D80008011971
:104D640080420108A5D800080300944201088DF68A
:104D7400000807009C420108F5EC00080701A04266
:104D84000108F5EC00080702A4420108F5EC00084C
:104D94000703A8420108F5EC00080704984201083B
:104DA400F5EC00080705AC420108F5EC000800002A
:104DB4001000130A03000201120222030104110568
:104DC4002106000710082009301131123213330B69
:104DD400230C00001000130A030002011202220334
:104DE4000104110521060007100820093316230CBD
:104DF40030FF31FF32FF0000280100311032203330
:104E04003034403550366037703880399030015135
:104E14001157214531524154515961557149814FBE
:104E24009150024112532244324642475248624A48
:104E3400724B824C925F032D135A235833434356CB
:104E44005342634E734D831A931600001000130AE5
:104E540003000201120222030104110521060007C6
:104E6400100820093315230C30FF31FF32FF0000F6
:104E74000200A049010821E200080000000000002F
:104E8400000000000300F0490108B9C8000803014C
:104E9400F0490108B9C800080303F0490108B9C87A
:104EA4000008030BF0490108B9C800080327F049BA
:104EB4000108B9C800080383F0490108B9C800080B
:104EC400000000000000744E010800000100CC4204
:104ED4000108204F01080300644801083DE500086B
:104EE400010070480108DC560108030078480108F5
:104EF4001DD00008020080480108A1C50008030075
:104F040088480108D5D20008030090480108B5D2AA
:104F14000008000000000000744E01080301D84896
:104F2400010879D700080302E048010879D700088E
:104F34000300E848010879D700080304F048010891
:104F440079D700080303F848010879D7000802005C
:104F540000490108E1E50008020108490108E1E50A
:104F64000008000000000000744E0108020494448C
:104F74000108D5F00008000000000000744E01088C
:104F8400020004430108D5F000080201104301089F
:104F9400D5F0000801001C43010800500108020379
:104FA4002C430108D5F00008010038430108E04F04
:104FB4000108020244430108D5F0000803004C43F1
:104FC400010865DC0008010064430108A8560108D3
:104FD400000000000000744E010800000302A84411
:104FE4000108F5F200080300BC440108D5E40008F8
:104FF400000000000000744E010800000315704317
:1050040001089DD600080314844301089DD60008B6
:105014000316944301089DD600080300A843010821
:10502400EDE400080306BC430108F5F20008030799
:10503400CC430108F5F200080100DC430108A45048
:1050440001080100E44301085C500108000000006D
:105054000000744E0108000003003044010871D8B8
:10506400000803083C440108F5F20008030A4C4414
:105074000108F5F2000802055C4401084DEA000845
:1050840002066C44010889F3000801008444010805
:10509400704F0108000000000000744E0108000079
:1050A4000200D044010885F200080000000000005E
:1050B400744E010803006446010899E400080100E5
:1050C4006C460108185201080100804601087C5210
:1050D4000108030094460108EDD000080100734163
:1050E4000108385701080100A4460108245A0108A0
:1050F4000300B04601081DE500080100C846010888
:105104009C580108000000000000744E01080000D3
:1051140003045037010801E6000803055837010865
:1051240001E6000803077437010801E600080308D4
:105134008C37010801E600080316A447010801E6BC
:105144000008030DB047010801E60008030EBC4740
:10515400010801E60008030FD837010801E600083A
:105164000100E44301087851010800000000000038
:10517400744E0108030CC847010801E60008031235
:10518400D047010801E600080313DC47010801E6E3
:1051940000080310E847010801E600080311F4477A
:1051A400010801E6000803140048010801E60008AC
:1051B40003150C48010801E6000800000000000087
:1051C400744E010803971848010801E60008039883
:1051D4002448010801E6000803993048010801E663
:1051E4000008039A3C48010801E60008039B444870
:1051F400010801E60008039C4C48010801E6000888
:10520400039DA447010801E6000800000000000017
:10521400744E010803001837010801E60008030171
:105224003037010801E6000803020446010801E6DC
:10523400000803034837010801E60008030668373D
:10524400010801E6000803098C47010801E600088B
:10525400030A9847010801E60008030BC037010858
:1052640001E600080100E4430108145101080000AC
:1052740000000000744E010803801837010801E69D
:10528400000803813037010801E600080382044660
:10529400010801E6000803834837010801E6000815
:1052A40003845037010801E60008038558370108D4
:1052B40001E6000803877437010801E60008038843
:1052C4008C37010801E600080100E4430108C851D5
:1052D4000108000000000000744E01080100E444CD
:1052E4000108185401080303F4440108F5F2000806
:1052F40002FF0445010841D10008020114450108D8
:1053040041D1000801002445010828530108030085
:10531400304501086DD20008000000000000744E02
:10532400010800000200DC4501080DDF000802014D
:10533400E44501080DDF00080202EC4501080DDF19
:1053440000080203F84501080DDF000802060046C4
:1053540001080DDF0008000000000000744E010881
:10536400030038440108C5DE00080301384401087D
:10537400C5DE0008030238440108C5DE0008030343
:1053840038440108C5DE0008030438440108C5DEBA
:105394000008030538440108C5DE00080306384444
:1053A4000108C5DE0008030738440108C5DE00080B
:1053B400030838440108C5DE0008000000000000AE
:1053C400744E0108030038440108C5DE00080301D7
:1053D40038440108C5DE0008030238440108C5DE6C
:1053E4000008030938440108C5DE0008030A3844EC
:1053F4000108C5DE0008030B38440108C5DE0008B7
:10540400030C38440108C5DE000800000000000059
:10541400744E010803000C46010815C60008030178
:105424000C46010815C6000803020C46010815C6FF
:10543400000803030C46010815C6000803040C46C3
:10544400010815C6000803050C46010815C6000826
:1054540003060C46010815C6000803070C4601089C
:1054640015C60008020018460108E1C5000803003B
:105474002046010831D30008000000000000744EEB
:105484000108000003006F3F0108B5E100080301B3
:105494003C450108B5E10008030648450108B5E1AB
:1054A4000008030758450108B5E1000803026C45EC
:1054B4000108B5E1000803037C450108B5E10008D3
:1054C400030490450108B5E100080305A44501085B
:1054D400B5E10008000000000000744E010800005F
:1054E40003006F3F0108B5E10008030648450108C1
:1054F400B5E100080312C44501089DD60008031352
:10550400B84101089DD60008000000000000744E58
:105514000108000003006F3F0108B5E1000803051E
:10552400A4450108B5E10008000000000000744E25
:105534000108000003006F3F0108B5E10008030102
:105544003C450108B5E10008000000000000744E6D
:105554000108000003006F3F0108B5E100080307DC
:1055640058450108B5E10008000000000000744E31
:105574000108000003006F3F0108B5E100080302C1
:105584006C450108B5E1000803037C450108B5E159
:105594000008030490450108B5E100080317B44569
:1055A40001089DD60008000000000000744E0108A8
:1055B4000300C0490108CDC900080301C04901081E
:1055C400CDC900080302C0490108CDC9000803037E
:1055D400C0490108CDC900080304C0490108CDC968
:1055E40000080305C0490108CDC900080306C049E5
:1055F4000108CDC900080307C0490108CDC9000846
:10560400000000000000744E0108000003FF48463B
:105614000108A9C900080300C8490108A9C900086C
:105624000301C8490108A9C900080302C8490108BF
:10563400A9C900080303C8490108A9C90008000052
:1056440000000000744E01080204A448010889F314
:1056540000080300B84801080DD700080301B84842
:1056640001080DD700080302B84801080DD7000847
:105674000303B84801080DD700080304B84801081B
:105684000DD700080305B84801080DD70008030624
:10569400B84801080DD70008000000000000744E4F
:1056A400010800000318EC4301089DD60008031903
:1056B400F84301089DD60008031A044401089DD646
:1056C400000803001C44010889D2000800000000FF
:1056D4000000744E010800000204C44801084DEAA9
:1056E40000080300B848010829E200080301B8488B
:1056F400010829E200080302B848010829E2000869
:105704000303B848010829E200080304B848010863
:1057140029E200080305B848010829E20008030645
:10572400B848010829E20008000000000000744E97
:10573400010800000300644601089DD0000802002F
:10574400484701085DD4000803085B410108B9D645
:105754000008030A5F410108B9D60008030C73412D
:105764000108B9D60008030E8A410108B9D6000819
:10577400030F1C4201089DD6000803115447010879
:105784009DD6000803046C470108F5F200080305E0
:1057940080470108F5F20008000000000000744E84
:1057A400010800000100E8480108F8570108020058
:1057B400144901084DEA00080201204901084DEA94
:1057C400000802022C4901084DEA00080204384985
:1057D40001084DEA000803004C490108F5F20008ED
:1057E400030958490108F5F2000800000000000010
:1057F400744E010802026C49010889F30008020092
:105804007C49010889F3000802018849010889F3E9
:10581400000802049449010889F30008000000000C
:105824000000744E010800000300CC44010871D14B
:1058340000080301CC44010871D100080302CC44E0
:10584400010871D100080303CC44010871D1000898
:105854000304CC44010871D100080305CC440108B9
:1058640071D100080306CC44010871D10008030774
:10587400CC44010871D100080308CC44010871D15B
:1058840000080309CC44010871D10008000000009D
:105894000000744E010800000301D4460108F5F22B
:1058A40000080300E846010849D800080301F4464B
:1058B400010849D800080302F446010849D8000841
:1058C4000304F446010849D800080305F446010816
:1058D40049D800080306F446010849D80008000026
:1058E40000000000744E01080300003601089DD634
:1058F40000080301083601089DD60008030210368B
:1059040001089DD600080303183601089DD6000837
:105914000304F44101089DD6000803052846010844
:105924009DD6000803063C4601089DD600080300E6
:1059340050460108BDE40008000000000000744E59
:10594400010800000307D04901089DD600080300A0
:10595400E4490108DDC800080301E4490108DDC881
:1059640000080302E4490108DDC800080303E44910
:105974000108DDC80008000000000000744E0108A2
:105984000100B0420108B85001080100B842010802
:10599400E05201080100C0420108EC58010801006E
:1059A400CC420108D04E01080100D84201084C56EF
:1059B40001080200E042010805E500080100E84290
:1059C4000108A85701080100F0420108844F0108AA
:1059D4000300F8420108F1CF0008000000000000B5
:1059E400000000000300503F0108E5D70008030150
:1059F400503F0108E5D700080302503F0108E5D7EE
:105A040000080303503F0108E5D700080300584885
:105A14000108B9D70008000000000000744E010816
:105A24000300F8460108F5D20008030208470108FC
:105A340045D2000803041C47010845D200080300AE
:105A44002C47010845D200080300384701087DC4EB
:105A540000080312C44501089DD600080000000098
:105A64000000744E0108000033006500C9005F01A6
:105A74002146696C6520637265617465642062798E
:105A8400204E616E6F564E410D0A2320487A2053F2
:105A940020524920522035300D0A0000257520255A
:105AA4002066202520660D0A000000002146696C4E
:105AB400652063726561746564206279204E616E4D
:105AC4006F564E410D0A2320487A20532052492014
:105AD400522035300D0A000025752025206620252A
:105AE40020662025206620252066203020302030A6
:105AF40020300D0A0000000049492A000800000077
:105B040007000001030001000000E00100000101A2
:105B14000300010000004001000002010300030033
:105B24000000620000000301030001000000058082
:105B34000000060103000100000002000000110142
:105B440004000100000068000000150103000100CA
:105B54000000030000000000000008000800080026
:105B6400080049002A000800F78008002A004900BC
:105B740008000000C1E200089DEA000829E70008C7
:105B8400D1E60008CDDB000831DE000891EF000803
:105B940015EF0008004B00000096000000E1000033
:105BA40000C20100008403000008070000100E007A
:105BB40000201C0080841E00C0C62D0000000000D0
:105BC40000047413010800048013010800048C13FA
:105BD40001080004000000000204000000000204A8
:105BE400000000000004000000001A079C130108D4
:105BF4002804B013010800040000000000040000A1
:105C040062756C6B0D0A000066696C6C0D0A00000D
:105C140001002800B00100B1010AB40102B6030278
:105C2400023BB701C6C0021715C10141C5030012EA
:105C3400803601283A01555101FF11002900000066
:105C44002888E848FFFF000000000000900E493C4F
:105C5400B00AC93C2CC3163D2FFB483D742B7B3D39
:105C640005A9963D80B6AF3D36BDC83D2EBCE13D8D
:105C740073B2FA3D86CF093E8340163EB6AB223E50
:105C8400A2102F3ECF6E3B3EC2C5473E0115543E87
:105C9400135C603E7F9A6C3ECCCF783EC07D823EE2
:105CA400938E883E229A8E3E31A0943E86A09A3EE0
:105CB400E59AA03E128FA63ED47CAC3EEF63B23E82
:105CC4002A44B83E4A1DBE3E15EFC33E53B9C93EF1
:105CD400CA7BCF3E4136D53E80E8DA3E4F92E03E65
:105CE4007533E63EBBCBEB3EEA5AF13ECBE0F63EE3
:105CF400275DFC3EE4E7003F3D9C033F824B063FAB
:105D04009BF5083F6B9A0B3FDA390E3FCDD3103F1A
:105D14002A68133FD9F6153FC07F183FC6021B3FC0
:105D2400D17F1D3FCBF61F3F9967223F25D2243FE9
:105D34005636273F1594293F4AEB2B3FDE3B2E3F37
:105D4400BB85303FC9C8323FF304353F233A373F60
:105D54004268393F3B8F3B3FF9AE3D3F67C73F3F0A
:105D640070D8413F00E2433F03E4453F65DE473FCF
:105D740012D1493FF8BB4B3F029F4D3F1F7A4F3F23
:105D84003D4D513F4918533F31DB543FE595563F54
:105D94005348583F6AF2593F1A945B3F532D5D3F75
:105DA40005BE5E3F2146603F98C5613F5A3C633F54
:105DB40059AA643F880F663FD86B673F3CBF683F72
:105DC400A7096A3F0C4B6B3F5E836C3F93B26D3FF8
:105DD4009ED86E3F73F56F3F0809713F5213723FAF
:105DE4004714733FDD0B743F0BFA743FC6DE753FF7
:105DF40007BA763FC58B773FF853783F9812793FBF
:105E04009DC7793F02737A3FBE147B3FCDAC7B3F85
:105E1400283B7C3FC9BF7C3FAC3A7D3FCCAB7D3F48
:105E240024137E3FB0707E3F6DC47E3F580E7F3F8B
:105E34006D4E7F3FAB847F3F0FB17F3F98D37F3F51
:0C5E440043EC7F3F11FB7F3F0000803FDC
:085E5000ECAAFE7F0100000036
:105E58000040380000000800564E4F4364A3E1118B
:105E6800E02E00007C019902100E7A0D00008207D6
:105E7800A401030000460000FFFF8410E73C000077
:105E8800D69AFFE007FF07E0F81FF800001F1F0081
:105E9800F80087F0FFFF8410001FC6380000FFFFDE
:105EA800FFFF630C1F00F80000180000000000004E
:105EB80000000000000000000096000080BA8C017D
:105EC800000048420000000000000000442B0108C8
:105ED800582B0108902B0108A42B0108CC2B010892
:105EE800DC2B0108F82B0108302C0108542C010880
:105EF800842C01080000000001003101D1012600B6
:105F08008854010838550108785501087855010862
:105F18007855010818550108E45401085855010836
:105F28008459010800000000000000000000000083
:0C5F380000000000FF000000DF5EF8FF2A
:04000005080001A14D
:00000001FF
